[18Mar2026 17:49:09.495] [main/INFO] [cpw.mods.modlauncher.Launcher/MODLAUNCHER]: ModLauncher running: args [--launchTarget, forgeserver, --fml.forgeVersion, 47.4.0, --fml.mcVersion, 1.20.1, --fml.forgeGroup, net.minecraftforge, --fml.mcpVersion, 20230612.114412, nogui]
[18Mar2026 17:49:09.500] [main/INFO] [cpw.mods.modlauncher.Launcher/MODLAUNCHER]: ModLauncher 10.0.9+10.0.9+main.dcd20f30 starting: java version 17.0.17 by Ubuntu; OS Linux arch amd64 version 6.8.0-1044-azure
[18Mar2026 17:49:11.759] [main/INFO] [net.minecraftforge.fml.loading.ImmediateWindowHandler/]: ImmediateWindowProvider not loading because launch target is forgeserver
[18Mar2026 17:49:11.818] [main/INFO] [mixin/]: SpongePowered MIXIN Subsystem Version=0.8.5 Source=union:/workspaces/ytuery/servidor_minecraft/libraries/org/spongepowered/mixin/0.8.5/mixin-0.8.5.jar%2365!/ Service=ModLauncher Env=SERVER
[18Mar2026 17:49:12.208] [main/WARN] [net.minecraftforge.fml.loading.moddiscovery.ModFileParser/LOADING]: Mod file /workspaces/ytuery/servidor_minecraft/libraries/net/minecraftforge/fmlcore/1.20.1-47.4.0/fmlcore-1.20.1-47.4.0.jar is missing mods.toml file
[18Mar2026 17:49:12.210] [main/WARN] [net.minecraftforge.fml.loading.moddiscovery.ModFileParser/LOADING]: Mod file /workspaces/ytuery/servidor_minecraft/libraries/net/minecraftforge/javafmllanguage/1.20.1-47.4.0/javafmllanguage-1.20.1-47.4.0.jar is missing mods.toml file
[18Mar2026 17:49:12.211] [main/WARN] [net.minecraftforge.fml.loading.moddiscovery.ModFileParser/LOADING]: Mod file /workspaces/ytuery/servidor_minecraft/libraries/net/minecraftforge/lowcodelanguage/1.20.1-47.4.0/lowcodelanguage-1.20.1-47.4.0.jar is missing mods.toml file
[18Mar2026 17:49:12.212] [main/WARN] [net.minecraftforge.fml.loading.moddiscovery.ModFileParser/LOADING]: Mod file /workspaces/ytuery/servidor_minecraft/libraries/net/minecraftforge/mclanguage/1.20.1-47.4.0/mclanguage-1.20.1-47.4.0.jar is missing mods.toml file
[18Mar2026 17:49:12.757] [main/WARN] [net.minecraftforge.jarjar.selection.JarSelector/]: Attempted to select two dependency jars from JarJar which have the same identification: Mod File:  and Mod File: . Using Mod File: 
[18Mar2026 17:49:12.759] [main/INFO] [net.minecraftforge.fml.loading.moddiscovery.JarInJarDependencyLocator/]: Found 62 dependencies adding them to mods collection
[18Mar2026 17:49:16.774] [main/INFO] [mixin/]: Compatibility level set to JAVA_17
[18Mar2026 17:49:16.798] [main/ERROR] [mixin/]: Mixin config fabric-item-api-v1.client.mixins.json does not specify "minVersion" property
[18Mar2026 17:49:16.835] [main/ERROR] [mixin/]: Mixin config fabric-data-attachment-api-v1.mixins.json does not specify "minVersion" property
[18Mar2026 17:49:16.837] [main/ERROR] [mixin/]: Mixin config fabric-data-attachment-api-v1.client.mixins.json does not specify "minVersion" property
[18Mar2026 17:49:17.141] [main/ERROR] [mixin/]: Mixin config fabric-item-group-api-v1.mixins.json does not specify "minVersion" property
[18Mar2026 17:49:17.145] [main/ERROR] [mixin/]: Mixin config fabric-item-group-api-v1.client.mixins.json does not specify "minVersion" property
[18Mar2026 17:49:17.271] [main/INFO] [mixin/]: Successfully loaded Mixin Connector [ca.spottedleaf.starlight.mixin.MixinConnector]
[18Mar2026 17:49:17.272] [main/INFO] [mixin/]: Successfully loaded Mixin Connector [de.maxhenkel.tradecycling.MixinConnector]
[18Mar2026 17:49:17.275] [main/INFO] [net.fabricmc.loader.impl.bootstrap.FabricLoaderBootstrap/]: Propagating FML mod list to Fabric Loader
[18Mar2026 17:49:17.288] [main/INFO] [cpw.mods.modlauncher.LaunchServiceHandler/MODLAUNCHER]: Launching target 'forgeserver' with arguments [nogui]
[18Mar2026 17:49:17.760] [main/INFO] [portb.transformerlib.TransformerLib/]: Loaded transformer transformers/vanilla.xml
[18Mar2026 17:49:17.763] [main/INFO] [portb.transformerlib.TransformerLib/]: Loaded transformer transformers/gregtechmodernce.xml
[18Mar2026 17:49:17.764] [main/INFO] [portb.transformerlib.TransformerLib/]: Loaded transformer transformers/simpletomb.xml
[18Mar2026 17:49:17.767] [main/INFO] [portb.transformerlib.TransformerLib/]: Loaded transformer transformers/assortedstorage.xml
[18Mar2026 17:49:17.768] [main/INFO] [portb.transformerlib.TransformerLib/]: Loaded transformer transformers/refinedstorage.xml
[18Mar2026 17:49:17.769] [main/INFO] [portb.transformerlib.TransformerLib/]: Loaded transformer transformers/ic2.xml
[18Mar2026 17:49:17.770] [main/INFO] [portb.transformerlib.TransformerLib/]: Loaded transformer transformers/computercraft.xml
[18Mar2026 17:49:17.773] [main/INFO] [portb.transformerlib.TransformerLib/]: Loaded transformer transformers/sophisticated_core.xml
[18Mar2026 17:49:17.775] [main/INFO] [portb.transformerlib.TransformerLib/]: Loaded transformer transformers/mekanism.xml
[18Mar2026 17:49:17.776] [main/INFO] [portb.transformerlib.TransformerLib/]: Loaded transformer transformers/puzzlesapi.xml
[18Mar2026 17:49:17.778] [main/INFO] [portb.transformerlib.TransformerLib/]: Loaded transformer transformers/ironfurnaces.xml
[18Mar2026 17:49:17.821] [main/WARN] [mixin/]: Reference map 'yungsextras.refmap.json' for yungsextras.mixins.json could not be read. If this is a development environment you can ignore this message
[18Mar2026 17:49:17.824] [main/WARN] [mixin/]: Reference map 'yungsextras.refmap.json' for yungsextras_forge.mixins.json could not be read. If this is a development environment you can ignore this message
[18Mar2026 17:49:17.847] [main/WARN] [mixin/]: Reference map 'justhammers-common-refmap.json' for justhammers-common.mixins.json could not be read. If this is a development environment you can ignore this message
[18Mar2026 17:49:17.907] [main/WARN] [mixin/]: Reference map 'limitedchunks.refmap.json' for limitedchunks.mixins.json could not be read. If this is a development environment you can ignore this message
[18Mar2026 17:49:18.075] [main/WARN] [mixin/]: Reference map 'uilib-common-refmap.json' for uilib-common.mixins.json could not be read. If this is a development environment you can ignore this message
[18Mar2026 17:49:18.096] [main/WARN] [mixin/]: Reference map 'mes-forge-refmap.json' for mes-forge.mixins.json could not be read. If this is a development environment you can ignore this message
[18Mar2026 17:49:18.303] [main/WARN] [mixin/]: Reference map 'cristellib-forge-refmap.json' for cristellib.mixins.json could not be read. If this is a development environment you can ignore this message
[18Mar2026 17:49:19.080] [main/ERROR] [net.minecraftforge.fml.loading.RuntimeDistCleaner/DISTXFORM]: Attempted to load class net/minecraft/client/MouseHandler for invalid dist DEDICATED_SERVER
[18Mar2026 17:49:19.082] [main/WARN] [mixin/]: Error loading class: net/minecraft/client/MouseHandler (java.lang.RuntimeException: Attempted to load class net/minecraft/client/MouseHandler for invalid dist DEDICATED_SERVER)
[18Mar2026 17:49:19.082] [main/WARN] [mixin/]: @Mixin target net.minecraft.client.MouseHandler was not found fabric-screen-api-v1.mixins.json:MouseMixin
[18Mar2026 17:49:19.085] [main/ERROR] [net.minecraftforge.fml.loading.RuntimeDistCleaner/DISTXFORM]: Attempted to load class net/minecraft/client/gui/screens/Screen for invalid dist DEDICATED_SERVER
[18Mar2026 17:49:19.086] [main/WARN] [mixin/]: Error loading class: net/minecraft/client/gui/screens/Screen (java.lang.RuntimeException: Attempted to load class net/minecraft/client/gui/screens/Screen for invalid dist DEDICATED_SERVER)
[18Mar2026 17:49:19.087] [main/WARN] [mixin/]: @Mixin target net.minecraft.client.gui.screens.Screen was not found fabric-screen-api-v1.mixins.json:ScreenAccessor
[18Mar2026 17:49:20.337] [main/WARN] [mixin/]: Error loading class: vectorwing/farmersdelight/common/block/TomatoVineBlock (java.lang.ClassNotFoundException: vectorwing.farmersdelight.common.block.TomatoVineBlock)
[18Mar2026 17:49:20.385] [main/WARN] [mixin/]: Error loading class: net/minecraft/client/gui/screens/inventory/SmithingScreen (java.lang.ClassNotFoundException: net.minecraft.client.gui.screens.inventory.SmithingScreen)
[18Mar2026 17:49:20.385] [main/WARN] [mixin/]: @Mixin target net.minecraft.client.gui.screens.inventory.SmithingScreen was not found minervillager.mixins.json:SmithingScreenMixin
[18Mar2026 17:49:20.804] [main/INFO] [MixinExtras|Service/]: Initializing MixinExtras via com.llamalad7.mixinextras.service.MixinExtrasServiceImpl(version=0.4.1).
[18Mar2026 17:49:26.320] [main/WARN] [mixin/]: @Final field f_26027_:Lnet/minecraft/world/entity/ai/targeting/TargetingConditions; in guardvillagers.mixins.json:DefendVillageGoalGolemMixin should be final
[18Mar2026 17:49:28.651] [modloading-worker-0/INFO] [Bookshelf/]: Fixing MC-151457. Crafting remainder for minecraft:pufferfish_bucket is now minecraft:bucket.
[18Mar2026 17:49:28.651] [modloading-worker-0/INFO] [Bookshelf/]: Fixing MC-151457. Crafting remainder for minecraft:salmon_bucket is now minecraft:bucket.
[18Mar2026 17:49:28.652] [modloading-worker-0/INFO] [Bookshelf/]: Fixing MC-151457. Crafting remainder for minecraft:cod_bucket is now minecraft:bucket.
[18Mar2026 17:49:28.652] [modloading-worker-0/INFO] [Bookshelf/]: Fixing MC-151457. Crafting remainder for minecraft:tropical_fish_bucket is now minecraft:bucket.
[18Mar2026 17:49:28.652] [modloading-worker-0/INFO] [Bookshelf/]: Fixing MC-151457. Crafting remainder for minecraft:axolotl_bucket is now minecraft:bucket.
[18Mar2026 17:49:28.652] [modloading-worker-0/INFO] [Bookshelf/]: Fixing MC-151457. Crafting remainder for minecraft:powder_snow_bucket is now minecraft:bucket.
[18Mar2026 17:49:28.652] [modloading-worker-0/INFO] [Bookshelf/]: Fixing MC-151457. Crafting remainder for minecraft:tadpole_bucket is now minecraft:bucket.
[18Mar2026 17:49:28.689] [modloading-worker-0/WARN] [net.minecraftforge.common.ForgeConfigSpec/CORE]: Configuration file /workspaces/ytuery/servidor_minecraft/config/guardvillagers-common.toml is not correct. Correcting
[18Mar2026 17:49:29.312] [modloading-worker-0/INFO] [Collective/]: Loading Collective version 8.13.
[18Mar2026 17:49:29.358] [modloading-worker-0/INFO] [com.autovw.advancednetherite.AdvancedNetherite/]: Initializing platform helper for Advanced Netherite!
[18Mar2026 17:49:29.426] [modloading-worker-0/INFO] [lostcities/]: Creating standard profiles into 'config/lostcities/profiles'
[18Mar2026 17:49:29.430] [modloading-worker-0/INFO] [Spartan Weaponry/]: Constructing Mod: Spartan Weaponry
[18Mar2026 17:49:29.430] [modloading-worker-0/INFO] [Spartan Weaponry/]: Initialising API! Version: 12
[18Mar2026 17:49:29.431] [modloading-worker-0/INFO] [Spartan Weaponry/]: Spartan Weaponry API version 12 has been initalized!
[18Mar2026 17:49:29.487] [modloading-worker-0/INFO] [lostcities/]: Reading existing profiles from 'config/lostcities/profiles'
[18Mar2026 17:49:29.560] [modloading-worker-0/INFO] [dev.architectury.networking.forge.NetworkManagerImpl/]: Registering C2S receiver with id architectury:sync_ids
[18Mar2026 17:49:29.582] [modloading-worker-0/INFO] [com.cupboard.Cupboard/]: Loaded config for: cupboard.json
[18Mar2026 17:49:29.870] [modloading-worker-0/INFO] [com.jtorleonstudios.libraryferret.LibraryFerret/]: Initialize mod Library Ferret
[18Mar2026 17:49:29.887] [modloading-worker-0/INFO] [com.jtorleonstudios.libraryferret.LibraryFerret/]: Initialized mod Library Ferret
[18Mar2026 17:49:30.308] [modloading-worker-0/INFO] [dev.architectury.networking.forge.NetworkManagerImpl/]: Registering C2S receiver with id artifacts:networking_channel/42a7ad70b1cc371599a0eff744096b8a
[18Mar2026 17:49:30.311] [modloading-worker-0/INFO] [dev.architectury.networking.forge.NetworkManagerImpl/]: Registering C2S receiver with id artifacts:networking_channel/74a5e841822a3a87854ae896a33430d6
[18Mar2026 17:49:30.312] [modloading-worker-0/INFO] [dev.architectury.networking.forge.NetworkManagerImpl/]: Registering C2S receiver with id artifacts:networking_channel/eb3d1e2748533430848cadf0f37c7e9c
[18Mar2026 17:49:30.316] [modloading-worker-0/INFO] [dev.architectury.networking.forge.NetworkManagerImpl/]: Registering C2S receiver with id artifacts:networking_channel/91c8520f19f93b3e8b6a727568e194ab
[18Mar2026 17:49:30.317] [modloading-worker-0/INFO] [dev.architectury.networking.forge.NetworkManagerImpl/]: Registering C2S receiver with id artifacts:networking_channel/8c2784d778293fd482ed84b8aa5fedb9
[18Mar2026 17:49:30.323] [modloading-worker-0/INFO] [dev.architectury.networking.forge.NetworkManagerImpl/]: Registering C2S receiver with id artifacts:networking_channel/ea038224ea783d40b2863f52239e2604
[18Mar2026 17:49:30.324] [modloading-worker-0/INFO] [dev.architectury.networking.forge.NetworkManagerImpl/]: Registering C2S receiver with id artifacts:networking_channel/97ad64b7ecaf33209991c4f031501a58
[18Mar2026 17:49:30.610] [modloading-worker-0/INFO] [net.minecraftforge.common.ForgeMod/FORGEMOD]: Forge mod loading, version 47.4.0, for MC 1.20.1 with MCP 20230612.114412
[18Mar2026 17:49:30.610] [modloading-worker-0/INFO] [net.minecraftforge.common.MinecraftForge/FORGE]: MinecraftForge v47.4.0 Initialized
[18Mar2026 17:49:30.736] [modloading-worker-0/INFO] [azurelib/FileWatching]: Registered azurelib config for auto-sync function
[18Mar2026 17:49:31.309] [modloading-worker-0/INFO] [com.simibubi.create.Create/]: Create 6.0.8 initializing! Commit hash: 1a1a9a2819b4f89f78caec41b55ed8cb222fa24b
[18Mar2026 17:49:31.782] [modloading-worker-0/INFO] [zeta/]: Doing super early config setup for zeta
[18Mar2026 17:49:32.002] [modloading-worker-0/INFO] [quark/]: Initializing TerraBlender underground biome compat
[18Mar2026 17:49:32.425] [modloading-worker-0/INFO] [thedragonlib/]: Welcoming Minecraft
[18Mar2026 17:49:32.620] [modloading-worker-0/INFO] [quark-zeta/]: Discovered 164 modules to load.
[18Mar2026 17:49:32.621] [modloading-worker-0/INFO] [quark-zeta/]: Constructing module Abacus...
[18Mar2026 17:49:32.644] [modloading-worker-0/INFO] [quark-zeta/]: Constructing module Adjustable Chat...
[18Mar2026 17:49:32.647] [modloading-worker-0/INFO] [quark-zeta/]: Constructing module Ambient Discs...
[18Mar2026 17:49:32.648] [modloading-worker-0/INFO] [quark-zeta/]: Constructing module Ancient Tomes...
[18Mar2026 17:49:32.682] [modloading-worker-0/INFO] [quark-zeta/]: Constructing module Ancient Wood...
[18Mar2026 17:49:32.700] [modloading-worker-0/INFO] [quark-zeta/]: Constructing module Armed Armor Stands...
[18Mar2026 17:49:32.701] [modloading-worker-0/INFO] [quark-zeta/]: Constructing module Auto Walk Keybind...
[18Mar2026 17:49:32.701] [modloading-worker-0/INFO] [quark-zeta/]: Constructing module Automatic Recipe Unlock...
[18Mar2026 17:49:32.702] [modloading-worker-0/INFO] [quark-zeta/]: Constructing module Automatic Tool Restock...
[18Mar2026 17:49:32.705] [modloading-worker-0/INFO] [quark-zeta/]: Constructing module Azalea Wood...
[18Mar2026 17:49:32.706] [modloading-worker-0/INFO] [quark-zeta/]: Constructing module Back Button Keybind...
[18Mar2026 17:49:32.707] [modloading-worker-0/INFO] [quark-zeta/]: Constructing module Backpack...
[18Mar2026 17:49:32.720] [modloading-worker-0/INFO] [quark-zeta/]: Constructing module Beacon Redirection...
[18Mar2026 17:49:32.720] [modloading-worker-0/INFO] [quark-zeta/]: Constructing module Better Elytra Rocket...
[18Mar2026 17:49:32.721] [modloading-worker-0/INFO] [quark-zeta/]: Constructing module Big Stone Clusters...
[18Mar2026 17:49:32.748] [modloading-worker-0/INFO] [quark-zeta/]: Constructing module Blossom Trees...
[18Mar2026 17:49:32.755] [modloading-worker-0/INFO] [quark-zeta/]: Constructing module Bottled Cloud...
[18Mar2026 17:49:32.759] [modloading-worker-0/INFO] [quark-zeta/]: Constructing module Buckets Show Inhabitants...
[18Mar2026 17:49:32.764] [modloading-worker-0/INFO] [quark-zeta/]: Constructing module Camera...
[18Mar2026 17:49:32.768] [modloading-worker-0/INFO] [quark-zeta/]: Constructing module Campfires Boost Elytra...
[18Mar2026 17:49:32.775] [modloading-worker-0/INFO] [quark-zeta/]: Constructing module Celebratory Lamps...
[18Mar2026 17:49:32.776] [modloading-worker-0/INFO] [quark-zeta/]: Constructing module Chains Connect Blocks...
[18Mar2026 17:49:32.777] [modloading-worker-0/INFO] [quark-zeta/]: Constructing module Chest Searching...
[18Mar2026 17:49:32.777] [modloading-worker-0/INFO] [quark-zeta/]: Constructing module Chorus Vegetation...
[18Mar2026 17:49:32.779] [modloading-worker-0/INFO] [quark-zeta/]: Constructing module Chute...
[18Mar2026 17:49:32.787] [modloading-worker-0/INFO] [quark-zeta/]: Constructing module Climate Control Remover...
[18Mar2026 17:49:32.787] [modloading-worker-0/INFO] [quark-zeta/]: Constructing module Color Runes...
[18Mar2026 17:49:32.796] [modloading-worker-0/INFO] [quark-zeta/]: Constructing module Compasses Work Everywhere...
[18Mar2026 17:49:32.797] [modloading-worker-0/INFO] [quark-zeta/]: Constructing module Compressed Blocks...
[18Mar2026 17:49:32.805] [modloading-worker-0/INFO] [quark-zeta/]: Constructing module Coral On Cactus...
[18Mar2026 17:49:32.807] [modloading-worker-0/INFO] [quark-zeta/]: Constructing module Corundum...
[18Mar2026 17:49:32.855] [modloading-worker-0/INFO] [quark-zeta/]: Constructing module Crabs...
[18Mar2026 17:49:32.857] [modloading-worker-0/INFO] [quark-zeta/]: Constructing module Crafter...
[18Mar2026 17:49:32.859] [modloading-worker-0/INFO] [quark-zeta/]: Constructing module Crate...
[18Mar2026 17:49:32.861] [modloading-worker-0/INFO] [quark-zeta/]: Constructing module Diamond Repair...
[18Mar2026 17:49:32.862] [modloading-worker-0/INFO] [quark-zeta/]: Constructing module Dispensers Place Blocks...
[18Mar2026 17:49:32.865] [modloading-worker-0/INFO] [quark-zeta/]: Constructing module Double Door Opening...
[18Mar2026 17:49:32.866] [modloading-worker-0/INFO] [quark-zeta/]: Constructing module Dragon Scales...
[18Mar2026 17:49:32.867] [modloading-worker-0/INFO] [quark-zeta/]: Constructing module Duskbound Blocks...
[18Mar2026 17:49:32.869] [modloading-worker-0/INFO] [quark-zeta/]: Constructing module Dyeable Item Frames...
[18Mar2026 17:49:32.872] [modloading-worker-0/INFO] [quark-zeta/]: Constructing module Easy Transfering...
[18Mar2026 17:49:32.872] [modloading-worker-0/INFO] [quark-zeta/]: Constructing module Elytra Indicator...
[18Mar2026 17:49:32.873] [modloading-worker-0/INFO] [quark-zeta/]: Constructing module Emotes...
[18Mar2026 17:49:32.873] [modloading-worker-0/INFO] [quark-zeta/]: Constructing module Enchantment Predicates...
[18Mar2026 17:49:32.873] [modloading-worker-0/INFO] [quark-zeta/]: Constructing module Enchantments Begone...
[18Mar2026 17:49:32.877] [modloading-worker-0/INFO] [quark-zeta/]: Constructing module Ender Watcher...
[18Mar2026 17:49:32.879] [modloading-worker-0/INFO] [quark-zeta/]: Constructing module Endermosh Music Disc...
[18Mar2026 17:49:32.880] [modloading-worker-0/INFO] [quark-zeta/]: Constructing module Enhanced Ladders...
[18Mar2026 17:49:32.881] [modloading-worker-0/INFO] [quark-zeta/]: Constructing module Expanded Item Interactions...
[18Mar2026 17:49:32.884] [modloading-worker-0/INFO] [quark-zeta/]: Constructing module Fairy Rings...
[18Mar2026 17:49:32.886] [modloading-worker-0/INFO] [quark-zeta/]: Constructing module Fallen Logs...
[18Mar2026 17:49:32.890] [modloading-worker-0/INFO] [be.florens.expandability.ExpandAbility/]: ExpandAbility here, who dis?
[18Mar2026 17:49:32.891] [modloading-worker-0/INFO] [quark-zeta/]: Constructing module Feeding Trough...
[18Mar2026 17:49:32.895] [modloading-worker-0/INFO] [quark-zeta/]: Constructing module Forgotten...
[18Mar2026 17:49:32.909] [modloading-worker-0/INFO] [quark-zeta/]: Constructing module Foxhound...
[18Mar2026 17:49:32.914] [modloading-worker-0/INFO] [quark-zeta/]: Constructing module Framed Glass...
[18Mar2026 17:49:32.915] [modloading-worker-0/INFO] [quark-zeta/]: Constructing module Game Nerfs...
[18Mar2026 17:49:32.915] [modloading-worker-0/INFO] [quark-zeta/]: Constructing module Glass Item Frame...
[18Mar2026 17:49:32.918] [modloading-worker-0/INFO] [quark-zeta/]: Constructing module Glass Shard...
[18Mar2026 17:49:32.921] [modloading-worker-0/INFO] [quark-zeta/]: Constructing module Glimmering Weald...
[18Mar2026 17:49:32.935] [modloading-worker-0/INFO] [quark-zeta/]: Constructing module Gold Bars...
[18Mar2026 17:49:32.935] [modloading-worker-0/INFO] [quark-zeta/]: Constructing module Gold Tools Have Fortune...
[18Mar2026 17:49:32.936] [modloading-worker-0/INFO] [quark-zeta/]: Constructing module Grab Chickens...
[18Mar2026 17:49:32.936] [modloading-worker-0/INFO] [quark-zeta/]: Constructing module Grate...
[18Mar2026 17:49:32.939] [modloading-worker-0/INFO] [quark-zeta/]: Constructing module Gravisand...
[18Mar2026 17:49:32.947] [modloading-worker-0/INFO] [quark-zeta/]: Constructing module Greener Grass...
[18Mar2026 17:49:32.949] [modloading-worker-0/INFO] [quark-zeta/]: Constructing module Hedges...
[18Mar2026 17:49:32.952] [modloading-worker-0/INFO] [quark-zeta/]: Constructing module Hoe Harvesting...
[18Mar2026 17:49:32.953] [modloading-worker-0/INFO] [quark-zeta/]: Constructing module Hollow Logs...
[18Mar2026 17:49:32.955] [modloading-worker-0/INFO] [quark-zeta/]: Constructing module Horses Swim...
[18Mar2026 17:49:32.955] [modloading-worker-0/INFO] [quark-zeta/]: Constructing module Hotbar Changer...
[18Mar2026 17:49:32.958] [modloading-worker-0/INFO] [quark-zeta/]: Constructing module Improved Sponges...
[18Mar2026 17:49:32.959] [modloading-worker-0/INFO] [quark-zeta/]: Constructing module Improved Tooltips...
[18Mar2026 17:49:32.963] [modloading-worker-0/INFO] [quark-zeta/]: Constructing module Industrial Palette...
[18Mar2026 17:49:32.964] [modloading-worker-0/INFO] [quark-zeta/]: Constructing module Inventory Sorting...
[18Mar2026 17:49:32.964] [modloading-worker-0/INFO] [quark-zeta/]: Constructing module Iron Rod...
[18Mar2026 17:49:32.987] [modloading-worker-0/INFO] [quark-zeta/]: Constructing module Item Sharing...
[18Mar2026 17:49:32.988] [modloading-worker-0/INFO] [quark-zeta/]: Constructing module Japanese Palette...
[18Mar2026 17:49:32.989] [modloading-worker-0/INFO] [quark-zeta/]: Constructing module Leaf Carpet...
[18Mar2026 17:49:32.990] [modloading-worker-0/INFO] [quark-zeta/]: Constructing module Lock Rotation...
[18Mar2026 17:49:32.992] [modloading-worker-0/INFO] [quark-zeta/]: Constructing module Long Range Pick Block...
[18Mar2026 17:49:32.992] [modloading-worker-0/INFO] [quark-zeta/]: Constructing module Magma Keeps Concrete Powder...
[18Mar2026 17:49:32.993] [modloading-worker-0/INFO] [quark-zeta/]: Constructing module Magnets...
[18Mar2026 17:49:33.000] [modloading-worker-0/INFO] [quark-zeta/]: Constructing module Map Washing...
[18Mar2026 17:49:33.002] [modloading-worker-0/INFO] [quark-zeta/]: Constructing module Matrix Enchanting...
[18Mar2026 17:49:33.015] [modloading-worker-0/INFO] [quark-zeta/]: Constructing module Metal Buttons...
[18Mar2026 17:49:33.015] [modloading-worker-0/INFO] [quark-zeta/]: Constructing module Microcrafting Helper...
[18Mar2026 17:49:33.016] [modloading-worker-0/INFO] [quark-zeta/]: Constructing module Midori...
[18Mar2026 17:49:33.016] [modloading-worker-0/INFO] [quark-zeta/]: Constructing module Monster Box...
[18Mar2026 17:49:33.018] [modloading-worker-0/INFO] [quark-zeta/]: Constructing module More Banner Layers...
[18Mar2026 17:49:33.018] [modloading-worker-0/INFO] [quark-zeta/]: Constructing module More Brick Types...
[18Mar2026 17:49:33.018] [modloading-worker-0/INFO] [quark-zeta/]: Constructing module More Mud Blocks...
[18Mar2026 17:49:33.019] [modloading-worker-0/INFO] [quark-zeta/]: Constructing module More Note Block Sounds...
[18Mar2026 17:49:33.019] [modloading-worker-0/INFO] [quark-zeta/]: Constructing module More Potted Plants...
[18Mar2026 17:49:33.019] [modloading-worker-0/INFO] [quark-zeta/]: Constructing module More Villagers...
[18Mar2026 17:49:33.021] [modloading-worker-0/INFO] [quark-zeta/]: Constructing module Narrator Readout...
[18Mar2026 17:49:33.022] [modloading-worker-0/INFO] [quark-zeta/]: Constructing module Nether Brick Fence Gate...
[18Mar2026 17:49:33.023] [modloading-worker-0/INFO] [quark-zeta/]: Constructing module Nether Obsidian Spikes...
[18Mar2026 17:49:33.024] [modloading-worker-0/INFO] [quark-zeta/]: Constructing module New Stone Types...
[18Mar2026 17:49:33.030] [modloading-worker-0/INFO] [quark-zeta/]: Constructing module No Durability On Cosmetics...
[18Mar2026 17:49:33.030] [modloading-worker-0/INFO] [quark-zeta/]: Constructing module No More Lava Pockets...
[18Mar2026 17:49:33.031] [modloading-worker-0/INFO] [quark-zeta/]: Constructing module Obsidian Plate...
[18Mar2026 17:49:33.031] [modloading-worker-0/INFO] [quark-zeta/]: Constructing module Overlay Shader...
[18Mar2026 17:49:33.031] [modloading-worker-0/INFO] [quark-zeta/]: Constructing module Parrot Eggs...
[18Mar2026 17:49:33.037] [modloading-worker-0/INFO] [quark-zeta/]: Constructing module Pat The Dogs...
[18Mar2026 17:49:33.042] [modloading-worker-0/INFO] [quark-zeta/]: Constructing module Pathfinder Maps...
[18Mar2026 17:49:33.051] [modloading-worker-0/INFO] [quark-zeta/]: Constructing module Permafrost...
[18Mar2026 17:49:33.052] [modloading-worker-0/INFO] [quark-zeta/]: Constructing module Petals On Water...
[18Mar2026 17:49:33.056] [modloading-worker-0/INFO] [quark-zeta/]: Constructing module Pickarang...
[18Mar2026 17:49:33.067] [modloading-worker-0/INFO] [quark-zeta/]: Constructing module Pig Litters...
[18Mar2026 17:49:33.068] [modloading-worker-0/INFO] [quark-zeta/]: Constructing module Pipes...
[18Mar2026 17:49:33.092] [modloading-worker-0/INFO] [quark-zeta/]: Constructing module Pistons Move Tile Entities...
[18Mar2026 17:49:33.094] [modloading-worker-0/INFO] [quark-zeta/]: Constructing module Poison Potato Usage...
[18Mar2026 17:49:33.094] [modloading-worker-0/INFO] [quark-zeta/]: Constructing module Quick Armor Swapping...
[18Mar2026 17:49:33.095] [modloading-worker-0/INFO] [quark-zeta/]: Constructing module Rainbow Lamps...
[18Mar2026 17:49:33.096] [modloading-worker-0/INFO] [quark-zeta/]: Constructing module Raw Metal Bricks...
[18Mar2026 17:49:33.096] [modloading-worker-0/INFO] [quark-zeta/]: Constructing module Reacharound Placing...
[18Mar2026 17:49:33.106] [modloading-worker-0/INFO] [quark-zeta/]: Constructing module Redstone Randomizer...
[18Mar2026 17:49:33.108] [modloading-worker-0/INFO] [quark-zeta/]: Constructing module Renewable Spore Blossoms...
[18Mar2026 17:49:33.109] [modloading-worker-0/INFO] [quark-zeta/]: Constructing module Replace Scaffolding...
[18Mar2026 17:49:33.109] [modloading-worker-0/INFO] [quark-zeta/]: Constructing module Rope...
[18Mar2026 17:49:33.114] [modloading-worker-0/INFO] [quark-zeta/]: Constructing module Safer Creatures...
[18Mar2026 17:49:33.115] [modloading-worker-0/INFO] [quark-zeta/]: Constructing module Seed Pouch...
[18Mar2026 17:49:33.120] [modloading-worker-0/INFO] [quark-zeta/]: Constructing module Shear Vines...
[18Mar2026 17:49:33.131] [modloading-worker-0/INFO] [quark-zeta/]: Constructing module Shiba...
[18Mar2026 17:49:33.131] [modloading-worker-0/INFO] [quark-zeta/]: Constructing module Shingles...
[18Mar2026 17:49:33.131] [modloading-worker-0/INFO] [quark-zeta/]: Constructing module Shulker Packing...
[18Mar2026 17:49:33.135] [modloading-worker-0/INFO] [quark-zeta/]: Constructing module Simple Harvest...
[18Mar2026 17:49:33.136] [modloading-worker-0/INFO] [quark-zeta/]: Constructing module Skull Pikes...
[18Mar2026 17:49:33.158] [modloading-worker-0/INFO] [quark-zeta/]: Constructing module Slabs To Blocks...
[18Mar2026 17:49:33.162] [modloading-worker-0/INFO] [quark-zeta/]: Constructing module Slime In A Bucket...
[18Mar2026 17:49:33.167] [modloading-worker-0/INFO] [quark-zeta/]: Constructing module Slimes To Magma Cubes...
[18Mar2026 17:49:33.167] [modloading-worker-0/INFO] [quark-zeta/]: Constructing module Snow Golem Player Heads...
[18Mar2026 17:49:33.173] [modloading-worker-0/INFO] [quark-zeta/]: Constructing module Soul Candles...
[18Mar2026 17:49:33.173] [modloading-worker-0/INFO] [quark-zeta/]: Constructing module Soul Sandstone...
[18Mar2026 17:49:33.173] [modloading-worker-0/INFO] [quark-zeta/]: Constructing module Spawner Replacer...
[18Mar2026 17:49:33.174] [modloading-worker-0/INFO] [quark-zeta/]: Constructing module Spiral Spires...
[18Mar2026 17:49:33.178] [modloading-worker-0/INFO] [quark-zeta/]: Constructing module Stonelings...
[18Mar2026 17:49:33.181] [modloading-worker-0/INFO] [quark-zeta/]: Constructing module Stools...
[18Mar2026 17:49:33.184] [modloading-worker-0/INFO] [quark-zeta/]: Constructing module Sturdy Stone...
[18Mar2026 17:49:33.189] [modloading-worker-0/INFO] [quark-zeta/]: Constructing module Thatch...
[18Mar2026 17:49:33.192] [modloading-worker-0/INFO] [quark-zeta/]: Constructing module Tiny Potato...
[18Mar2026 17:49:33.192] [modloading-worker-0/INFO] [quark-zeta/]: Constructing module Torch Arrow...
[18Mar2026 17:49:33.196] [modloading-worker-0/INFO] [quark-zeta/]: Constructing module Toretoise...
[18Mar2026 17:49:33.201] [modloading-worker-0/INFO] [quark-zeta/]: Constructing module Totem Of Holding...
[18Mar2026 17:49:33.203] [modloading-worker-0/INFO] [quark-zeta/]: Constructing module Trowel...
[18Mar2026 17:49:33.204] [modloading-worker-0/INFO] [quark-zeta/]: Constructing module Usage Ticker...
[18Mar2026 17:49:33.207] [modloading-worker-0/INFO] [quark-zeta/]: Constructing module Uses For Curses...
[18Mar2026 17:49:33.209] [modloading-worker-0/INFO] [quark-zeta/]: Constructing module Utility Recipes...
[18Mar2026 17:49:33.209] [modloading-worker-0/INFO] [quark-zeta/]: Constructing module Variant Animal Textures...
[18Mar2026 17:49:33.211] [modloading-worker-0/INFO] [quark-zeta/]: Constructing module Variant Bookshelves...
[18Mar2026 17:49:33.211] [modloading-worker-0/INFO] [quark-zeta/]: Constructing module Variant Chests...
[18Mar2026 17:49:33.229] [modloading-worker-0/INFO] [quark-zeta/]: Constructing module Variant Furnaces...
[18Mar2026 17:49:33.268] [modloading-worker-0/INFO] [quark-zeta/]: Constructing module Variant Ladders...
[18Mar2026 17:49:33.270] [modloading-worker-0/INFO] [quark-zeta/]: Constructing module Variant Selector...
[18Mar2026 17:49:33.276] [modloading-worker-0/INFO] [quark-zeta/]: Constructing module Vertical Planks...
[18Mar2026 17:49:33.277] [modloading-worker-0/INFO] [quark-zeta/]: Constructing module Vertical Slabs...
[18Mar2026 17:49:33.300] [modloading-worker-0/INFO] [quark-zeta/]: Constructing module Vexes Die With Their Masters...
[18Mar2026 17:49:33.301] [modloading-worker-0/INFO] [quark-zeta/]: Constructing module Villager Rerolling Rework...
[18Mar2026 17:49:33.302] [modloading-worker-0/INFO] [quark-zeta/]: Constructing module Villagers Follow Emeralds...
[18Mar2026 17:49:33.303] [modloading-worker-0/INFO] [quark-zeta/]: Constructing module Wooden Posts...
[18Mar2026 17:49:33.306] [modloading-worker-0/INFO] [quark-zeta/]: Constructing module Wool Shuts Up Minecarts...
[18Mar2026 17:49:33.306] [modloading-worker-0/INFO] [quark-zeta/]: Constructing module Wraith...
[18Mar2026 17:49:33.310] [modloading-worker-0/INFO] [quark-zeta/]: Constructing module Zombie Villagers On Normal...
[18Mar2026 17:49:33.311] [modloading-worker-0/INFO] [quark-zeta/]: Constructing module More Stone Variants...
[18Mar2026 17:49:33.312] [modloading-worker-0/INFO] [quark-zeta/]: Constructed 164 modules.
[18Mar2026 17:49:33.539] [modloading-worker-0/INFO] [quark-zeta/]: Doing super early config setup for quark
[18Mar2026 17:49:38.445] [main/WARN] [dev.architectury.registry.registries.forge.RegistrarManagerImpl/]: Registry entry listened Registry Entry [minecraft:entity_type / artifacts:mimic] was not realized!
[18Mar2026 17:49:38.488] [main/INFO] [Moonlight/]: Initialized block sets in 36ms
[18Mar2026 17:49:39.474] [main/WARN] [net.minecraftforge.common.ForgeConfigSpec/CORE]: Configuration file /workspaces/ytuery/servidor_minecraft/config/guardvillagers-common.toml is not correct. Correcting
[18Mar2026 17:49:39.479] [Thread-3/WARN] [net.minecraftforge.fml.config.ConfigFileTypeHandler/CONFIG]: Configuration file /workspaces/ytuery/servidor_minecraft/config/guardvillagers-common.toml is not correct. Correcting
[18Mar2026 17:49:39.647] [main/INFO] [Spartan Weaponry/]: Updating config settings!
[18Mar2026 17:49:39.765] [Thread-3/INFO] [zeta/]: About to refresh zeta's config, looking for better thread than 'Thread-3'...
[18Mar2026 17:49:39.766] [Thread-3/WARN] [zeta/]: Using thread 'Thread-3' instead of the server thread
[18Mar2026 17:49:39.766] [Thread-3/INFO] [zeta/]: zeta's config is 'BEFORE_INIT', ignoring config refresh. Current thread: Thread-3
[18Mar2026 17:49:39.812] [modloading-worker-0/INFO] [Spartan Weaponry/]: Setting up Spartan Weaponry!
[18Mar2026 17:49:39.827] [modloading-worker-0/INFO] [com.limitedchunks.LimitedChunks/]: Limited chunkloading initialized
[18Mar2026 17:49:39.887] [modloading-worker-0/INFO] [me.steinborn.krypton.mod.shared.Krypton/]: Compression will use libdeflate (Linux x86_64), encryption will use OpenSSL 3.0.x (Linux x86_64)
[18Mar2026 17:49:39.904] [Forge Version Check/INFO] [net.minecraftforge.fml.VersionChecker/]: [bookshelf] Starting version check at https://updates.blamejared.com/get?n=bookshelf&gv=1.20.1
[18Mar2026 17:49:40.069] [main/INFO] [journeymap/]: Initializing Packet Registries
[18Mar2026 17:49:40.108] [main/INFO] [terrablender/]: Registered region minecraft:overworld to index 0 for type OVERWORLD
[18Mar2026 17:49:40.108] [main/INFO] [terrablender/]: Registered region minecraft:nether to index 0 for type NETHER
[18Mar2026 17:49:40.108] [main/INFO] [terrablender/]: Registered region biomesoplenty:overworld_primary to index 1 for type OVERWORLD
[18Mar2026 17:49:40.108] [main/INFO] [terrablender/]: Registered region biomesoplenty:overworld_secondary to index 2 for type OVERWORLD
[18Mar2026 17:49:40.108] [main/INFO] [terrablender/]: Registered region biomesoplenty:overworld_rare to index 3 for type OVERWORLD
[18Mar2026 17:49:40.108] [main/INFO] [terrablender/]: Registered region biomesoplenty:nether_common to index 1 for type NETHER
[18Mar2026 17:49:40.108] [main/INFO] [terrablender/]: Registered region biomesoplenty:nether_rare to index 2 for type NETHER
[18Mar2026 17:49:40.116] [Forge Version Check/INFO] [net.minecraftforge.fml.VersionChecker/]: [bookshelf] Found status: BETA_OUTDATED Current: 20.2.13 Target: 20.2.15
[18Mar2026 17:49:40.116] [Forge Version Check/INFO] [net.minecraftforge.fml.VersionChecker/]: [guardvillagers] Starting version check at https://raw.githubusercontent.com/seymourimadeit/guardvillagers/master/update.json
[18Mar2026 17:49:40.139] [Forge Version Check/INFO] [net.minecraftforge.fml.VersionChecker/]: [guardvillagers] Found status: BETA Current: 1.20.1-1.6.15 Target: 1.20-1.6.5
[18Mar2026 17:49:40.140] [Forge Version Check/INFO] [net.minecraftforge.fml.VersionChecker/]: [mcwdoors] Starting version check at https://raw.githubusercontent.com/sketchmacaw/macawsmods/master/doors.json
[18Mar2026 17:49:40.146] [Forge Version Check/INFO] [net.minecraftforge.fml.VersionChecker/]: [mcwdoors] Found status: UP_TO_DATE Current: 1.1.2 Target: null
[18Mar2026 17:49:40.147] [Forge Version Check/INFO] [net.minecraftforge.fml.VersionChecker/]: [additionalstructures] Starting version check at https://raw.githubusercontent.com/XxRexRaptorxX/Update-Checker/main/AdditionalStructures.json
[18Mar2026 17:49:40.157] [Forge Version Check/INFO] [net.minecraftforge.fml.VersionChecker/]: [additionalstructures] Found status: UP_TO_DATE Current: 4.2.2 Target: null
[18Mar2026 17:49:40.157] [Forge Version Check/INFO] [net.minecraftforge.fml.VersionChecker/]: [twilightforest] Starting version check at https://gh.tamaized.com/TeamTwilight/twilightforest/update.json
[18Mar2026 17:49:40.180] [main/INFO] [Moonlight/]: Initialized color sets in 70ms
[18Mar2026 17:49:40.181] [main/ERROR] [Moonlight/]: Fabric API detected! This is not a Fabric mod, so please dont report related issues to MoonlightLib or its dependant. This can usually happen with connector or when having a mod that does NOT have a proper Forge native implementation. This can easily lead to poor compatibility and issues. Proceed ar your own risk. 
 Mods that bundled Fabric API: [net.minecraftforge.fml.loading.moddiscovery.ModInfo@1d23ff23]
[18Mar2026 17:49:40.181] [main/INFO] [terrablender/]: Registered region regions_unexplored:primary to index 4 for type OVERWORLD
[18Mar2026 17:49:40.181] [main/INFO] [terrablender/]: Registered region regions_unexplored:secondary to index 5 for type OVERWORLD
[18Mar2026 17:49:40.181] [main/INFO] [terrablender/]: Registered region regions_unexplored:nether to index 3 for type NETHER
[18Mar2026 17:49:40.254] [main/INFO] [zeta/]: Common setup: Performing initial refresh of zeta's config on thread 'main'
[18Mar2026 17:49:40.255] [main/INFO] [zeta/]: 'zeta' is enabling Zeta's piston structure resolver.
[18Mar2026 17:49:40.256] [main/INFO] [zeta/]: Waiting for server start before accepting filewatcher changes to zeta's config
[18Mar2026 17:49:40.261] [main/INFO] [terrablender/]: Registered region quark:biome_provider to index 6 for type OVERWORLD
[18Mar2026 17:49:40.262] [main/INFO] [quark-zeta/]: Common setup: Performing initial refresh of quark's config on thread 'main'
[18Mar2026 17:49:40.277] [main/INFO] [quark-zeta/]: Waiting for server start before accepting filewatcher changes to quark's config
[18Mar2026 17:49:40.328] [main/INFO] [Supplementaries/]: Finished mod setup in: [23, 3, 0, 0, 0, 0, 13, 1] ms
[18Mar2026 17:49:40.398] [modloading-worker-0/INFO] [net.xalcon.torchmaster.Torchmaster/]: Applying mega torch entity block list overrides...
[18Mar2026 17:49:40.399] [modloading-worker-0/INFO] [net.xalcon.torchmaster.Torchmaster/]: Applying dread lamp entity block list overrides...
[18Mar2026 17:49:40.401] [main/INFO] [citadel/]: adding citadel surface rules via terrablender...
[18Mar2026 17:49:40.403] [main/INFO] [citadel/]: Added 0 vanilla biome surface rule types via terrablender
[18Mar2026 17:49:40.403] [main/INFO] [citadel/]: Added 0 modded biome surface rule types via terrablender
[18Mar2026 17:49:40.556] [Forge Version Check/INFO] [net.minecraftforge.fml.VersionChecker/]: [twilightforest] Found status: AHEAD Current: 4.3.2508 Target: null
[18Mar2026 17:49:40.557] [Forge Version Check/INFO] [net.minecraftforge.fml.VersionChecker/]: [corpse] Starting version check at https://update.maxhenkel.de/forge/corpse
[18Mar2026 17:49:40.688] [Forge Version Check/INFO] [net.minecraftforge.fml.VersionChecker/]: [corpse] Found status: OUTDATED Current: 1.20.1-1.0.17 Target: 1.20.1-1.0.23
[18Mar2026 17:49:40.689] [Forge Version Check/INFO] [net.minecraftforge.fml.VersionChecker/]: [advancednetherite] Starting version check at https://raw.githubusercontent.com/Autovw/ModUpdates/master/advancednetherite/update.json
[18Mar2026 17:49:40.700] [Forge Version Check/INFO] [net.minecraftforge.fml.VersionChecker/]: [advancednetherite] Found status: BETA Current: 2.1.3 Target: 2.1.3
[18Mar2026 17:49:40.701] [Forge Version Check/INFO] [net.minecraftforge.fml.VersionChecker/]: [clumps] Starting version check at https://updates.blamejared.com/get?n=clumps&gv=1.20.1
[18Mar2026 17:49:40.747] [Forge Version Check/INFO] [net.minecraftforge.fml.VersionChecker/]: [clumps] Found status: BETA Current: 12.0.0.4 Target: 12.0.0.4
[18Mar2026 17:49:40.752] [Forge Version Check/INFO] [net.minecraftforge.fml.VersionChecker/]: [journeymap] Starting version check at https://forge.curseupdate.com/32274/journeymap
[18Mar2026 17:49:40.900] [Forge Version Check/INFO] [net.minecraftforge.fml.VersionChecker/]: [journeymap] Found status: UP_TO_DATE Current: 5.10.3 Target: null
[18Mar2026 17:49:40.901] [Forge Version Check/INFO] [net.minecraftforge.fml.VersionChecker/]: [badmobs] Starting version check at https://updates.blamejared.com/get?n=badmobs&gv=1.20.1
[18Mar2026 17:49:40.927] [Forge Version Check/INFO] [net.minecraftforge.fml.VersionChecker/]: [badmobs] Found status: BETA Current: 19.0.4 Target: 19.0.4
[18Mar2026 17:49:40.927] [Forge Version Check/INFO] [net.minecraftforge.fml.VersionChecker/]: [forge] Starting version check at https://files.minecraftforge.net/net/minecraftforge/forge/promotions_slim.json
[18Mar2026 17:49:41.070] [Forge Version Check/INFO] [net.minecraftforge.fml.VersionChecker/]: [forge] Found status: OUTDATED Current: 47.4.0 Target: 47.4.10
[18Mar2026 17:49:41.073] [Forge Version Check/INFO] [net.minecraftforge.fml.VersionChecker/]: [trade_cycling] Starting version check at https://maxhenkel.de/update/trade_cycling.json
[18Mar2026 17:49:41.206] [Forge Version Check/INFO] [net.minecraftforge.fml.VersionChecker/]: [trade_cycling] Found status: UP_TO_DATE Current: 1.20.1-1.0.7 Target: null
[18Mar2026 17:49:41.206] [Forge Version Check/INFO] [net.minecraftforge.fml.VersionChecker/]: [moonlight] Starting version check at https://api.modrinth.com/updates/moonlight/forge_updates.json
[18Mar2026 17:49:41.499] [Forge Version Check/INFO] [net.minecraftforge.fml.VersionChecker/]: [moonlight] Found status: OUTDATED Current: 1.20-2.16.22 Target: 1.20-2.16.28-forge
[18Mar2026 17:49:41.499] [Forge Version Check/INFO] [net.minecraftforge.fml.VersionChecker/]: [mr_reds_morestructures] Starting version check at https://api.modrinth.com/updates/DKJltXeY/forge_updates.json
[18Mar2026 17:49:41.635] [Forge Version Check/INFO] [net.minecraftforge.fml.VersionChecker/]: [mr_reds_morestructures] Found status: OUTDATED Current: 1.0.8 Target: 1.0.8R+mod
[18Mar2026 17:49:41.635] [Forge Version Check/INFO] [net.minecraftforge.fml.VersionChecker/]: [securitycraft] Starting version check at https://www.github.com/Geforce132/SecurityCraft/raw/master/Updates/Forge.json
[18Mar2026 17:49:41.839] [Forge Version Check/INFO] [net.minecraftforge.fml.VersionChecker/]: [securitycraft] Found status: UP_TO_DATE Current: 1.10.1 Target: null
[18Mar2026 17:49:41.839] [Forge Version Check/INFO] [net.minecraftforge.fml.VersionChecker/]: [supplementaries] Starting version check at https://api.modrinth.com/updates/supplementaries/forge_updates.json
[18Mar2026 17:49:42.012] [Forge Version Check/INFO] [net.minecraftforge.fml.VersionChecker/]: [supplementaries] Found status: OUTDATED Current: 1.20-3.1.42 Target: 1.20-3.1.42-forge
[18Mar2026 17:49:42.013] [Forge Version Check/INFO] [net.minecraftforge.fml.VersionChecker/]: [thedragonlib] Starting version check at https://raw.githubusercontent.com/sokratis12GR/TheDragonLib/1.19/thedragonlib-updater.json
[18Mar2026 17:49:42.020] [Forge Version Check/INFO] [net.minecraftforge.fml.VersionChecker/]: [thedragonlib] Found status: BETA Current: 1.20.1-1.0.0 Target: null
[18Mar2026 17:49:42.020] [Forge Version Check/INFO] [net.minecraftforge.fml.VersionChecker/]: [armorplus] Starting version check at https://sokratis.space/armorplus/1.20/update.json
[18Mar2026 17:49:42.239] [Forge Version Check/INFO] [net.minecraftforge.fml.VersionChecker/]: [armorplus] Found status: OUTDATED Current: 1.20.1-20.2.1 Target: 1.20.1-20.2.2
[18Mar2026 17:49:42.239] [Forge Version Check/INFO] [net.minecraftforge.fml.VersionChecker/]: [ad_astra] Starting version check at https://api.modrinth.com/updates/3ufwT9JF/forge_updates.json
[18Mar2026 17:49:42.391] [Forge Version Check/INFO] [net.minecraftforge.fml.VersionChecker/]: [ad_astra] Found status: UP_TO_DATE Current: 1.15.20 Target: null
[18Mar2026 17:49:49.966] [main/INFO] [com.mojang.authlib.yggdrasil.YggdrasilAuthenticationService/]: Environment: authHost='https://authserver.mojang.com', accountsHost='https://api.mojang.com', sessionHost='https://sessionserver.mojang.com', servicesHost='https://api.minecraftservices.com', name='PROD'
[18Mar2026 17:49:57.854] [main/WARN] [net.minecraft.server.packs.VanillaPackResourcesBuilder/]: Assets URL 'union:/workspaces/ytuery/servidor_minecraft/libraries/net/minecraft/server/1.20.1-20230612.114412/server-1.20.1-20230612.114412-srg.jar%23351!/assets/.mcassetsroot' uses unexpected schema
[18Mar2026 17:49:57.854] [main/WARN] [net.minecraft.server.packs.VanillaPackResourcesBuilder/]: Assets URL 'union:/workspaces/ytuery/servidor_minecraft/libraries/net/minecraft/server/1.20.1-20230612.114412/server-1.20.1-20230612.114412-srg.jar%23351!/data/.mcassetsroot' uses unexpected schema
[18Mar2026 17:49:58.074] [main/INFO] [com.simibubi.create.Create/]: Created 951 recipes which will be injected into the game
[18Mar2026 17:49:58.089] [main/INFO] [com.simibubi.create.Create/]: Created 39 tags which will be injected into the game
[18Mar2026 17:49:58.256] [main/INFO] [com.teamabnormals.blueprint.core.Blueprint/]: Successfully loaded 0 data remolders!
[18Mar2026 17:49:58.259] [main/INFO] [Moonlight/]: Starting runtime resource generation for pack type SERVER_DATA with generators from mods [supplementaries]: [net.mehvahdjukaar.supplementaries.dynamicpack.ServerDynamicResourcesGenerator@556912b8]
[18Mar2026 17:49:58.260] [main/INFO] [Moonlight/]: Generating runtime assets for pack Supplementaries Generated Pack (supplementaries)
[18Mar2026 17:49:58.297] [main/INFO] [Supplementaries/]: Generated runtime SERVER_DATA for pack Supplementaries Generated Pack (supplementaries) in: 36 ms (multithreaded)
[18Mar2026 17:49:58.297] [main/INFO] [Moonlight/]: Finished runtime resources generation for 1 packs in a total of 37 ms
[18Mar2026 17:49:59.368] [main/INFO] [bettervillage/]: StructureSet modified for minecraft:village : Now using custom village configuration (can be disabled in the better villages config: boolean.villages.enabled_custom_config).
[18Mar2026 17:50:01.755] [main/INFO] [Spartan Weaponry/]: Finished registering commands for Spartan Weaponry!
[18Mar2026 17:50:01.870] [main/INFO] [com.github.alexthe666.alexsmobs.AlexsMobs/]: Adding datapack listener capsid_recipes
[18Mar2026 17:50:02.017] [Worker-Main-3/ERROR] [net.minecraft.tags.TagLoader/]: Couldn't load tag minecraft:lava as it is missing following references: nue:soul_lava (from NUE - Beta 2.24.jar), 
	nue:flowing_soul_lava (from NUE - Beta 2.24.jar)
[18Mar2026 17:50:02.019] [Worker-Main-3/ERROR] [net.minecraft.tags.TagLoader/]: Couldn't load tag twilightforest:fire_jet_fuel as it is missing following references: #minecraft:lava (from twilightforest-1.20.1-4.3.2508-universal.jar)
[18Mar2026 17:50:02.384] [Worker-Main-1/ERROR] [net.minecraft.tags.TagLoader/]: Couldn't load tag idas:has_structure/byg_redwood_biomes as it is missing following references: byg:redwood_thicket (from idas_forge-1.12.1+1.20.1.jar)
[18Mar2026 17:50:02.387] [Worker-Main-1/ERROR] [net.minecraft.tags.TagLoader/]: Couldn't load tag idas:has_structure/bygmohogany_biomes as it is missing following references: byg:tropical_rainforest (from idas_forge-1.12.1+1.20.1.jar)
[18Mar2026 17:50:02.483] [Worker-Main-3/ERROR] [net.minecraft.tags.TagLoader/]: Couldn't load tag deeperdarker:dampens_vibrations as it is missing following references: samurai_dynasty:sculk_samurai_boots (from samurai_dynasty-0.0.51-1.20.1-forge.jar)
[18Mar2026 17:50:02.494] [Worker-Main-3/ERROR] [net.minecraft.tags.TagLoader/]: Couldn't load tag eldritch_end:etyr_armor as it is missing following references: samurai_dynasty:etyrite_samurai_helmet (from samurai_dynasty-0.0.51-1.20.1-forge.jar), 
	samurai_dynasty:etyrite_samurai_chestplate (from samurai_dynasty-0.0.51-1.20.1-forge.jar), 
	samurai_dynasty:etyrite_samurai_leggings (from samurai_dynasty-0.0.51-1.20.1-forge.jar), 
	samurai_dynasty:etyrite_samurai_boots (from samurai_dynasty-0.0.51-1.20.1-forge.jar)
[18Mar2026 17:50:02.501] [Worker-Main-3/ERROR] [net.minecraft.tags.TagLoader/]: Couldn't load tag samurai_dynasty:dampens_vibrations as it is missing following references: samurai_dynasty:sculk_samurai_boots (from samurai_dynasty-0.0.51-1.20.1-forge.jar)
[18Mar2026 17:50:03.216] [Worker-Main-1/ERROR] [net.minecraftforge.common.ForgeHooks/]: Couldn't parse element loot_tables:idas:chests/dread_citadel/dread_citadel
com.google.gson.JsonSyntaxException: Expected name to be an item, was unknown string 'iceandfire:dread_shard'
	at net.minecraft.util.GsonHelper.m_13866_(GsonHelper.java:145) ~[server-1.20.1-20230612.114412-srg.jar%23351!/:?]
	at java.util.Optional.orElseThrow(Optional.java:403) ~[?:?]
	at net.minecraft.util.GsonHelper.m_13874_(GsonHelper.java:145) ~[server-1.20.1-20230612.114412-srg.jar%23351!/:?]
	at net.minecraft.util.GsonHelper.m_13909_(GsonHelper.java:153) ~[server-1.20.1-20230612.114412-srg.jar%23351!/:?]
	at net.minecraft.world.level.storage.loot.entries.LootItem$Serializer.m_7267_(LootItem.java:55) ~[server-1.20.1-20230612.114412-srg.jar%23351!/:?]
	at net.minecraft.world.level.storage.loot.entries.LootItem$Serializer.m_7267_(LootItem.java:40) ~[server-1.20.1-20230612.114412-srg.jar%23351!/:?]
	at net.minecraft.world.level.storage.loot.entries.LootPoolSingletonContainer$Serializer.m_5921_(LootPoolSingletonContainer.java:151) ~[server-1.20.1-20230612.114412-srg.jar%23351!/:?]
	at net.minecraft.world.level.storage.loot.entries.LootPoolSingletonContainer$Serializer.m_5921_(LootPoolSingletonContainer.java:129) ~[server-1.20.1-20230612.114412-srg.jar%23351!/:?]
	at net.minecraft.world.level.storage.loot.entries.LootPoolEntryContainer$Serializer.m_7561_(LootPoolEntryContainer.java:86) ~[server-1.20.1-20230612.114412-srg.jar%23351!/:?]
	at net.minecraft.world.level.storage.loot.entries.LootPoolEntryContainer$Serializer.m_7561_(LootPoolEntryContainer.java:74) ~[server-1.20.1-20230612.114412-srg.jar%23351!/:?]
	at net.minecraft.world.level.storage.loot.GsonAdapterFactory$JsonAdapter.deserialize(GsonAdapterFactory.java:102) ~[server-1.20.1-20230612.114412-srg.jar%23351!/:?]
	at com.google.gson.internal.bind.TreeTypeAdapter.read(TreeTypeAdapter.java:76) ~[gson-2.10.jar%2372!/:?]
	at com.google.gson.internal.bind.TypeAdapterRuntimeTypeWrapper.read(TypeAdapterRuntimeTypeWrapper.java:40) ~[gson-2.10.jar%2372!/:?]
	at com.google.gson.internal.bind.ArrayTypeAdapter.read(ArrayTypeAdapter.java:72) ~[gson-2.10.jar%2372!/:?]
	at com.google.gson.Gson.fromJson(Gson.java:1214) ~[gson-2.10.jar%2372!/:?]
	at com.google.gson.Gson.fromJson(Gson.java:1319) ~[gson-2.10.jar%2372!/:?]
	at com.google.gson.Gson.fromJson(Gson.java:1290) ~[gson-2.10.jar%2372!/:?]
	at com.google.gson.internal.bind.TreeTypeAdapter$GsonContextImpl.deserialize(TreeTypeAdapter.java:179) ~[gson-2.10.jar%2372!/:?]
	at net.minecraft.util.GsonHelper.m_13808_(GsonHelper.java:463) ~[server-1.20.1-20230612.114412-srg.jar%23351!/:?]
	at net.minecraft.util.GsonHelper.m_13836_(GsonHelper.java:471) ~[server-1.20.1-20230612.114412-srg.jar%23351!/:?]
	at net.minecraft.world.level.storage.loot.LootPool$Serializer.deserialize(LootPool.java:192) ~[server-1.20.1-20230612.114412-srg.jar%23351!/:?]
	at net.minecraft.world.level.storage.loot.LootPool$Serializer.deserialize(LootPool.java:189) ~[server-1.20.1-20230612.114412-srg.jar%23351!/:?]
	at com.google.gson.internal.bind.TreeTypeAdapter.read(TreeTypeAdapter.java:76) ~[gson-2.10.jar%2372!/:?]
	at com.google.gson.internal.bind.TypeAdapterRuntimeTypeWrapper.read(TypeAdapterRuntimeTypeWrapper.java:40) ~[gson-2.10.jar%2372!/:?]
	at com.google.gson.internal.bind.ArrayTypeAdapter.read(ArrayTypeAdapter.java:72) ~[gson-2.10.jar%2372!/:?]
	at com.google.gson.Gson.fromJson(Gson.java:1214) ~[gson-2.10.jar%2372!/:?]
	at com.google.gson.Gson.fromJson(Gson.java:1319) ~[gson-2.10.jar%2372!/:?]
	at com.google.gson.Gson.fromJson(Gson.java:1290) ~[gson-2.10.jar%2372!/:?]
	at com.google.gson.internal.bind.TreeTypeAdapter$GsonContextImpl.deserialize(TreeTypeAdapter.java:179) ~[gson-2.10.jar%2372!/:?]
	at net.minecraft.util.GsonHelper.m_13808_(GsonHelper.java:463) ~[server-1.20.1-20230612.114412-srg.jar%23351!/:?]
	at net.minecraft.util.GsonHelper.m_13845_(GsonHelper.java:481) ~[server-1.20.1-20230612.114412-srg.jar%23351!/:?]
	at net.minecraft.world.level.storage.loot.LootTable$Serializer.deserialize(LootTable.java:294) ~[server-1.20.1-20230612.114412-srg.jar%23351!/:?]
	at net.minecraft.world.level.storage.loot.LootTable$Serializer.deserialize(LootTable.java:291) ~[server-1.20.1-20230612.114412-srg.jar%23351!/:?]
	at com.google.gson.internal.bind.TreeTypeAdapter.read(TreeTypeAdapter.java:76) ~[gson-2.10.jar%2372!/:?]
	at com.google.gson.Gson.fromJson(Gson.java:1214) ~[gson-2.10.jar%2372!/:?]
	at com.google.gson.Gson.fromJson(Gson.java:1319) ~[gson-2.10.jar%2372!/:?]
	at com.google.gson.Gson.fromJson(Gson.java:1261) ~[gson-2.10.jar%2372!/:?]
	at net.minecraftforge.common.ForgeHooks.loadLootTable(ForgeHooks.java:871) ~[forge-1.20.1-47.4.0-universal.jar%23356!/:?]
	at net.minecraftforge.common.ForgeHooks.lambda$getLootTableDeserializer$3(ForgeHooks.java:848) ~[forge-1.20.1-47.4.0-universal.jar%23356!/:?]
	at net.minecraft.world.level.storage.loot.LootDataType.deserialize(LootDataType.java:45) ~[server-1.20.1-20230612.114412-srg.jar%23351!/:?]
	at net.minecraft.world.level.storage.loot.LootDataManager.lambda$scheduleElementParse$4(LootDataManager.java:56) ~[server-1.20.1-20230612.114412-srg.jar%23351!/:?]
	at java.util.HashMap.forEach(HashMap.java:1421) ~[?:?]
	at net.minecraft.world.level.storage.loot.LootDataManager.m_278660_(LootDataManager.java:55) ~[server-1.20.1-20230612.114412-srg.jar%23351!/:?]
	at java.util.concurrent.CompletableFuture$AsyncRun.run(CompletableFuture.java:1804) ~[?:?]
	at java.util.concurrent.CompletableFuture$AsyncRun.exec(CompletableFuture.java:1796) ~[?:?]
	at java.util.concurrent.ForkJoinTask.doExec(ForkJoinTask.java:373) ~[?:?]
	at java.util.concurrent.ForkJoinPool$WorkQueue.topLevelExec(ForkJoinPool.java:1182) ~[?:?]
	at java.util.concurrent.ForkJoinPool.scan(ForkJoinPool.java:1655) ~[?:?]
	at java.util.concurrent.ForkJoinPool.runWorker(ForkJoinPool.java:1622) ~[?:?]
	at java.util.concurrent.ForkJoinWorkerThread.run(ForkJoinWorkerThread.java:165) ~[?:?]
[18Mar2026 17:50:03.293] [Worker-Main-1/INFO] [Spartan Weaponry/]: Adding Diamond Weapons to the End City Treasure Loot Table!
[18Mar2026 17:50:03.331] [Worker-Main-1/ERROR] [net.minecraftforge.common.ForgeHooks/]: Couldn't parse element loot_tables:nue:blocks/plasphite_ore
com.google.gson.JsonSyntaxException: Expected name to be an item, was unknown string 'nue:deleted_mod_element'
	at net.minecraft.util.GsonHelper.m_13866_(GsonHelper.java:145) ~[server-1.20.1-20230612.114412-srg.jar%23351!/:?]
	at java.util.Optional.orElseThrow(Optional.java:403) ~[?:?]
	at net.minecraft.util.GsonHelper.m_13874_(GsonHelper.java:145) ~[server-1.20.1-20230612.114412-srg.jar%23351!/:?]
	at net.minecraft.util.GsonHelper.m_13909_(GsonHelper.java:153) ~[server-1.20.1-20230612.114412-srg.jar%23351!/:?]
	at net.minecraft.world.level.storage.loot.entries.LootItem$Serializer.m_7267_(LootItem.java:55) ~[server-1.20.1-20230612.114412-srg.jar%23351!/:?]
	at net.minecraft.world.level.storage.loot.entries.LootItem$Serializer.m_7267_(LootItem.java:40) ~[server-1.20.1-20230612.114412-srg.jar%23351!/:?]
	at net.minecraft.world.level.storage.loot.entries.LootPoolSingletonContainer$Serializer.m_5921_(LootPoolSingletonContainer.java:151) ~[server-1.20.1-20230612.114412-srg.jar%23351!/:?]
	at net.minecraft.world.level.storage.loot.entries.LootPoolSingletonContainer$Serializer.m_5921_(LootPoolSingletonContainer.java:129) ~[server-1.20.1-20230612.114412-srg.jar%23351!/:?]
	at net.minecraft.world.level.storage.loot.entries.LootPoolEntryContainer$Serializer.m_7561_(LootPoolEntryContainer.java:86) ~[server-1.20.1-20230612.114412-srg.jar%23351!/:?]
	at net.minecraft.world.level.storage.loot.entries.LootPoolEntryContainer$Serializer.m_7561_(LootPoolEntryContainer.java:74) ~[server-1.20.1-20230612.114412-srg.jar%23351!/:?]
	at net.minecraft.world.level.storage.loot.GsonAdapterFactory$JsonAdapter.deserialize(GsonAdapterFactory.java:102) ~[server-1.20.1-20230612.114412-srg.jar%23351!/:?]
	at com.google.gson.internal.bind.TreeTypeAdapter.read(TreeTypeAdapter.java:76) ~[gson-2.10.jar%2372!/:?]
	at com.google.gson.internal.bind.TypeAdapterRuntimeTypeWrapper.read(TypeAdapterRuntimeTypeWrapper.java:40) ~[gson-2.10.jar%2372!/:?]
	at com.google.gson.internal.bind.ArrayTypeAdapter.read(ArrayTypeAdapter.java:72) ~[gson-2.10.jar%2372!/:?]
	at com.google.gson.Gson.fromJson(Gson.java:1214) ~[gson-2.10.jar%2372!/:?]
	at com.google.gson.Gson.fromJson(Gson.java:1319) ~[gson-2.10.jar%2372!/:?]
	at com.google.gson.Gson.fromJson(Gson.java:1290) ~[gson-2.10.jar%2372!/:?]
	at com.google.gson.internal.bind.TreeTypeAdapter$GsonContextImpl.deserialize(TreeTypeAdapter.java:179) ~[gson-2.10.jar%2372!/:?]
	at net.minecraft.util.GsonHelper.m_13808_(GsonHelper.java:463) ~[server-1.20.1-20230612.114412-srg.jar%23351!/:?]
	at net.minecraft.util.GsonHelper.m_13836_(GsonHelper.java:471) ~[server-1.20.1-20230612.114412-srg.jar%23351!/:?]
	at net.minecraft.world.level.storage.loot.LootPool$Serializer.deserialize(LootPool.java:192) ~[server-1.20.1-20230612.114412-srg.jar%23351!/:?]
	at net.minecraft.world.level.storage.loot.LootPool$Serializer.deserialize(LootPool.java:189) ~[server-1.20.1-20230612.114412-srg.jar%23351!/:?]
	at com.google.gson.internal.bind.TreeTypeAdapter.read(TreeTypeAdapter.java:76) ~[gson-2.10.jar%2372!/:?]
	at com.google.gson.internal.bind.TypeAdapterRuntimeTypeWrapper.read(TypeAdapterRuntimeTypeWrapper.java:40) ~[gson-2.10.jar%2372!/:?]
	at com.google.gson.internal.bind.ArrayTypeAdapter.read(ArrayTypeAdapter.java:72) ~[gson-2.10.jar%2372!/:?]
	at com.google.gson.Gson.fromJson(Gson.java:1214) ~[gson-2.10.jar%2372!/:?]
	at com.google.gson.Gson.fromJson(Gson.java:1319) ~[gson-2.10.jar%2372!/:?]
	at com.google.gson.Gson.fromJson(Gson.java:1290) ~[gson-2.10.jar%2372!/:?]
	at com.google.gson.internal.bind.TreeTypeAdapter$GsonContextImpl.deserialize(TreeTypeAdapter.java:179) ~[gson-2.10.jar%2372!/:?]
	at net.minecraft.util.GsonHelper.m_13808_(GsonHelper.java:463) ~[server-1.20.1-20230612.114412-srg.jar%23351!/:?]
	at net.minecraft.util.GsonHelper.m_13845_(GsonHelper.java:481) ~[server-1.20.1-20230612.114412-srg.jar%23351!/:?]
	at net.minecraft.world.level.storage.loot.LootTable$Serializer.deserialize(LootTable.java:294) ~[server-1.20.1-20230612.114412-srg.jar%23351!/:?]
	at net.minecraft.world.level.storage.loot.LootTable$Serializer.deserialize(LootTable.java:291) ~[server-1.20.1-20230612.114412-srg.jar%23351!/:?]
	at com.google.gson.internal.bind.TreeTypeAdapter.read(TreeTypeAdapter.java:76) ~[gson-2.10.jar%2372!/:?]
	at com.google.gson.Gson.fromJson(Gson.java:1214) ~[gson-2.10.jar%2372!/:?]
	at com.google.gson.Gson.fromJson(Gson.java:1319) ~[gson-2.10.jar%2372!/:?]
	at com.google.gson.Gson.fromJson(Gson.java:1261) ~[gson-2.10.jar%2372!/:?]
	at net.minecraftforge.common.ForgeHooks.loadLootTable(ForgeHooks.java:871) ~[forge-1.20.1-47.4.0-universal.jar%23356!/:?]
	at net.minecraftforge.common.ForgeHooks.lambda$getLootTableDeserializer$3(ForgeHooks.java:848) ~[forge-1.20.1-47.4.0-universal.jar%23356!/:?]
	at net.minecraft.world.level.storage.loot.LootDataType.deserialize(LootDataType.java:45) ~[server-1.20.1-20230612.114412-srg.jar%23351!/:?]
	at net.minecraft.world.level.storage.loot.LootDataManager.lambda$scheduleElementParse$4(LootDataManager.java:56) ~[server-1.20.1-20230612.114412-srg.jar%23351!/:?]
	at java.util.HashMap.forEach(HashMap.java:1421) ~[?:?]
	at net.minecraft.world.level.storage.loot.LootDataManager.m_278660_(LootDataManager.java:55) ~[server-1.20.1-20230612.114412-srg.jar%23351!/:?]
	at java.util.concurrent.CompletableFuture$AsyncRun.run(CompletableFuture.java:1804) ~[?:?]
	at java.util.concurrent.CompletableFuture$AsyncRun.exec(CompletableFuture.java:1796) ~[?:?]
	at java.util.concurrent.ForkJoinTask.doExec(ForkJoinTask.java:373) ~[?:?]
	at java.util.concurrent.ForkJoinPool$WorkQueue.topLevelExec(ForkJoinPool.java:1182) ~[?:?]
	at java.util.concurrent.ForkJoinPool.scan(ForkJoinPool.java:1655) ~[?:?]
	at java.util.concurrent.ForkJoinPool.runWorker(ForkJoinPool.java:1622) ~[?:?]
	at java.util.concurrent.ForkJoinWorkerThread.run(ForkJoinWorkerThread.java:165) ~[?:?]
[18Mar2026 17:50:03.363] [Worker-Main-1/INFO] [Spartan Weaponry/]: Adding Longbow and Heavy Crossbow related loot to the Village Fletcher Loot Table!
[18Mar2026 17:50:03.390] [Worker-Main-1/ERROR] [net.minecraftforge.common.ForgeHooks/]: Couldn't parse element loot_tables:idas:chests/haunted_manor/if_haunted_manor
com.google.gson.JsonSyntaxException: Expected name to be an item, was unknown string 'iceandfire:silver_nugget'
	at net.minecraft.util.GsonHelper.m_13866_(GsonHelper.java:145) ~[server-1.20.1-20230612.114412-srg.jar%23351!/:?]
	at java.util.Optional.orElseThrow(Optional.java:403) ~[?:?]
	at net.minecraft.util.GsonHelper.m_13874_(GsonHelper.java:145) ~[server-1.20.1-20230612.114412-srg.jar%23351!/:?]
	at net.minecraft.util.GsonHelper.m_13909_(GsonHelper.java:153) ~[server-1.20.1-20230612.114412-srg.jar%23351!/:?]
	at net.minecraft.world.level.storage.loot.entries.LootItem$Serializer.m_7267_(LootItem.java:55) ~[server-1.20.1-20230612.114412-srg.jar%23351!/:?]
	at net.minecraft.world.level.storage.loot.entries.LootItem$Serializer.m_7267_(LootItem.java:40) ~[server-1.20.1-20230612.114412-srg.jar%23351!/:?]
	at net.minecraft.world.level.storage.loot.entries.LootPoolSingletonContainer$Serializer.m_5921_(LootPoolSingletonContainer.java:151) ~[server-1.20.1-20230612.114412-srg.jar%23351!/:?]
	at net.minecraft.world.level.storage.loot.entries.LootPoolSingletonContainer$Serializer.m_5921_(LootPoolSingletonContainer.java:129) ~[server-1.20.1-20230612.114412-srg.jar%23351!/:?]
	at net.minecraft.world.level.storage.loot.entries.LootPoolEntryContainer$Serializer.m_7561_(LootPoolEntryContainer.java:86) ~[server-1.20.1-20230612.114412-srg.jar%23351!/:?]
	at net.minecraft.world.level.storage.loot.entries.LootPoolEntryContainer$Serializer.m_7561_(LootPoolEntryContainer.java:74) ~[server-1.20.1-20230612.114412-srg.jar%23351!/:?]
	at net.minecraft.world.level.storage.loot.GsonAdapterFactory$JsonAdapter.deserialize(GsonAdapterFactory.java:102) ~[server-1.20.1-20230612.114412-srg.jar%23351!/:?]
	at com.google.gson.internal.bind.TreeTypeAdapter.read(TreeTypeAdapter.java:76) ~[gson-2.10.jar%2372!/:?]
	at com.google.gson.internal.bind.TypeAdapterRuntimeTypeWrapper.read(TypeAdapterRuntimeTypeWrapper.java:40) ~[gson-2.10.jar%2372!/:?]
	at com.google.gson.internal.bind.ArrayTypeAdapter.read(ArrayTypeAdapter.java:72) ~[gson-2.10.jar%2372!/:?]
	at com.google.gson.Gson.fromJson(Gson.java:1214) ~[gson-2.10.jar%2372!/:?]
	at com.google.gson.Gson.fromJson(Gson.java:1319) ~[gson-2.10.jar%2372!/:?]
	at com.google.gson.Gson.fromJson(Gson.java:1290) ~[gson-2.10.jar%2372!/:?]
	at com.google.gson.internal.bind.TreeTypeAdapter$GsonContextImpl.deserialize(TreeTypeAdapter.java:179) ~[gson-2.10.jar%2372!/:?]
	at net.minecraft.util.GsonHelper.m_13808_(GsonHelper.java:463) ~[server-1.20.1-20230612.114412-srg.jar%23351!/:?]
	at net.minecraft.util.GsonHelper.m_13836_(GsonHelper.java:471) ~[server-1.20.1-20230612.114412-srg.jar%23351!/:?]
	at net.minecraft.world.level.storage.loot.LootPool$Serializer.deserialize(LootPool.java:192) ~[server-1.20.1-20230612.114412-srg.jar%23351!/:?]
	at net.minecraft.world.level.storage.loot.LootPool$Serializer.deserialize(LootPool.java:189) ~[server-1.20.1-20230612.114412-srg.jar%23351!/:?]
	at com.google.gson.internal.bind.TreeTypeAdapter.read(TreeTypeAdapter.java:76) ~[gson-2.10.jar%2372!/:?]
	at com.google.gson.internal.bind.TypeAdapterRuntimeTypeWrapper.read(TypeAdapterRuntimeTypeWrapper.java:40) ~[gson-2.10.jar%2372!/:?]
	at com.google.gson.internal.bind.ArrayTypeAdapter.read(ArrayTypeAdapter.java:72) ~[gson-2.10.jar%2372!/:?]
	at com.google.gson.Gson.fromJson(Gson.java:1214) ~[gson-2.10.jar%2372!/:?]
	at com.google.gson.Gson.fromJson(Gson.java:1319) ~[gson-2.10.jar%2372!/:?]
	at com.google.gson.Gson.fromJson(Gson.java:1290) ~[gson-2.10.jar%2372!/:?]
	at com.google.gson.internal.bind.TreeTypeAdapter$GsonContextImpl.deserialize(TreeTypeAdapter.java:179) ~[gson-2.10.jar%2372!/:?]
	at net.minecraft.util.GsonHelper.m_13808_(GsonHelper.java:463) ~[server-1.20.1-20230612.114412-srg.jar%23351!/:?]
	at net.minecraft.util.GsonHelper.m_13845_(GsonHelper.java:481) ~[server-1.20.1-20230612.114412-srg.jar%23351!/:?]
	at net.minecraft.world.level.storage.loot.LootTable$Serializer.deserialize(LootTable.java:294) ~[server-1.20.1-20230612.114412-srg.jar%23351!/:?]
	at net.minecraft.world.level.storage.loot.LootTable$Serializer.deserialize(LootTable.java:291) ~[server-1.20.1-20230612.114412-srg.jar%23351!/:?]
	at com.google.gson.internal.bind.TreeTypeAdapter.read(TreeTypeAdapter.java:76) ~[gson-2.10.jar%2372!/:?]
	at com.google.gson.Gson.fromJson(Gson.java:1214) ~[gson-2.10.jar%2372!/:?]
	at com.google.gson.Gson.fromJson(Gson.java:1319) ~[gson-2.10.jar%2372!/:?]
	at com.google.gson.Gson.fromJson(Gson.java:1261) ~[gson-2.10.jar%2372!/:?]
	at net.minecraftforge.common.ForgeHooks.loadLootTable(ForgeHooks.java:871) ~[forge-1.20.1-47.4.0-universal.jar%23356!/:?]
	at net.minecraftforge.common.ForgeHooks.lambda$getLootTableDeserializer$3(ForgeHooks.java:848) ~[forge-1.20.1-47.4.0-universal.jar%23356!/:?]
	at net.minecraft.world.level.storage.loot.LootDataType.deserialize(LootDataType.java:45) ~[server-1.20.1-20230612.114412-srg.jar%23351!/:?]
	at net.minecraft.world.level.storage.loot.LootDataManager.lambda$scheduleElementParse$4(LootDataManager.java:56) ~[server-1.20.1-20230612.114412-srg.jar%23351!/:?]
	at java.util.HashMap.forEach(HashMap.java:1421) ~[?:?]
	at net.minecraft.world.level.storage.loot.LootDataManager.m_278660_(LootDataManager.java:55) ~[server-1.20.1-20230612.114412-srg.jar%23351!/:?]
	at java.util.concurrent.CompletableFuture$AsyncRun.run(CompletableFuture.java:1804) ~[?:?]
	at java.util.concurrent.CompletableFuture$AsyncRun.exec(CompletableFuture.java:1796) ~[?:?]
	at java.util.concurrent.ForkJoinTask.doExec(ForkJoinTask.java:373) ~[?:?]
	at java.util.concurrent.ForkJoinPool$WorkQueue.topLevelExec(ForkJoinPool.java:1182) ~[?:?]
	at java.util.concurrent.ForkJoinPool.scan(ForkJoinPool.java:1655) ~[?:?]
	at java.util.concurrent.ForkJoinPool.runWorker(ForkJoinPool.java:1622) ~[?:?]
	at java.util.concurrent.ForkJoinWorkerThread.run(ForkJoinWorkerThread.java:165) ~[?:?]
[18Mar2026 17:50:03.402] [Worker-Main-1/ERROR] [net.minecraftforge.common.ForgeHooks/]: Couldn't parse element loot_tables:idas:chests/labyrinth/if_labyrinth_tomb
com.google.gson.JsonSyntaxException: Expected name to be an item, was unknown string 'iceandfire:sapphire_gem'
	at net.minecraft.util.GsonHelper.m_13866_(GsonHelper.java:145) ~[server-1.20.1-20230612.114412-srg.jar%23351!/:?]
	at java.util.Optional.orElseThrow(Optional.java:403) ~[?:?]
	at net.minecraft.util.GsonHelper.m_13874_(GsonHelper.java:145) ~[server-1.20.1-20230612.114412-srg.jar%23351!/:?]
	at net.minecraft.util.GsonHelper.m_13909_(GsonHelper.java:153) ~[server-1.20.1-20230612.114412-srg.jar%23351!/:?]
	at net.minecraft.world.level.storage.loot.entries.LootItem$Serializer.m_7267_(LootItem.java:55) ~[server-1.20.1-20230612.114412-srg.jar%23351!/:?]
	at net.minecraft.world.level.storage.loot.entries.LootItem$Serializer.m_7267_(LootItem.java:40) ~[server-1.20.1-20230612.114412-srg.jar%23351!/:?]
	at net.minecraft.world.level.storage.loot.entries.LootPoolSingletonContainer$Serializer.m_5921_(LootPoolSingletonContainer.java:151) ~[server-1.20.1-20230612.114412-srg.jar%23351!/:?]
	at net.minecraft.world.level.storage.loot.entries.LootPoolSingletonContainer$Serializer.m_5921_(LootPoolSingletonContainer.java:129) ~[server-1.20.1-20230612.114412-srg.jar%23351!/:?]
	at net.minecraft.world.level.storage.loot.entries.LootPoolEntryContainer$Serializer.m_7561_(LootPoolEntryContainer.java:86) ~[server-1.20.1-20230612.114412-srg.jar%23351!/:?]
	at net.minecraft.world.level.storage.loot.entries.LootPoolEntryContainer$Serializer.m_7561_(LootPoolEntryContainer.java:74) ~[server-1.20.1-20230612.114412-srg.jar%23351!/:?]
	at net.minecraft.world.level.storage.loot.GsonAdapterFactory$JsonAdapter.deserialize(GsonAdapterFactory.java:102) ~[server-1.20.1-20230612.114412-srg.jar%23351!/:?]
	at com.google.gson.internal.bind.TreeTypeAdapter.read(TreeTypeAdapter.java:76) ~[gson-2.10.jar%2372!/:?]
	at com.google.gson.internal.bind.TypeAdapterRuntimeTypeWrapper.read(TypeAdapterRuntimeTypeWrapper.java:40) ~[gson-2.10.jar%2372!/:?]
	at com.google.gson.internal.bind.ArrayTypeAdapter.read(ArrayTypeAdapter.java:72) ~[gson-2.10.jar%2372!/:?]
	at com.google.gson.Gson.fromJson(Gson.java:1214) ~[gson-2.10.jar%2372!/:?]
	at com.google.gson.Gson.fromJson(Gson.java:1319) ~[gson-2.10.jar%2372!/:?]
	at com.google.gson.Gson.fromJson(Gson.java:1290) ~[gson-2.10.jar%2372!/:?]
	at com.google.gson.internal.bind.TreeTypeAdapter$GsonContextImpl.deserialize(TreeTypeAdapter.java:179) ~[gson-2.10.jar%2372!/:?]
	at net.minecraft.util.GsonHelper.m_13808_(GsonHelper.java:463) ~[server-1.20.1-20230612.114412-srg.jar%23351!/:?]
	at net.minecraft.util.GsonHelper.m_13836_(GsonHelper.java:471) ~[server-1.20.1-20230612.114412-srg.jar%23351!/:?]
	at net.minecraft.world.level.storage.loot.LootPool$Serializer.deserialize(LootPool.java:192) ~[server-1.20.1-20230612.114412-srg.jar%23351!/:?]
	at net.minecraft.world.level.storage.loot.LootPool$Serializer.deserialize(LootPool.java:189) ~[server-1.20.1-20230612.114412-srg.jar%23351!/:?]
	at com.google.gson.internal.bind.TreeTypeAdapter.read(TreeTypeAdapter.java:76) ~[gson-2.10.jar%2372!/:?]
	at com.google.gson.internal.bind.TypeAdapterRuntimeTypeWrapper.read(TypeAdapterRuntimeTypeWrapper.java:40) ~[gson-2.10.jar%2372!/:?]
	at com.google.gson.internal.bind.ArrayTypeAdapter.read(ArrayTypeAdapter.java:72) ~[gson-2.10.jar%2372!/:?]
	at com.google.gson.Gson.fromJson(Gson.java:1214) ~[gson-2.10.jar%2372!/:?]
	at com.google.gson.Gson.fromJson(Gson.java:1319) ~[gson-2.10.jar%2372!/:?]
	at com.google.gson.Gson.fromJson(Gson.java:1290) ~[gson-2.10.jar%2372!/:?]
	at com.google.gson.internal.bind.TreeTypeAdapter$GsonContextImpl.deserialize(TreeTypeAdapter.java:179) ~[gson-2.10.jar%2372!/:?]
	at net.minecraft.util.GsonHelper.m_13808_(GsonHelper.java:463) ~[server-1.20.1-20230612.114412-srg.jar%23351!/:?]
	at net.minecraft.util.GsonHelper.m_13845_(GsonHelper.java:481) ~[server-1.20.1-20230612.114412-srg.jar%23351!/:?]
	at net.minecraft.world.level.storage.loot.LootTable$Serializer.deserialize(LootTable.java:294) ~[server-1.20.1-20230612.114412-srg.jar%23351!/:?]
	at net.minecraft.world.level.storage.loot.LootTable$Serializer.deserialize(LootTable.java:291) ~[server-1.20.1-20230612.114412-srg.jar%23351!/:?]
	at com.google.gson.internal.bind.TreeTypeAdapter.read(TreeTypeAdapter.java:76) ~[gson-2.10.jar%2372!/:?]
	at com.google.gson.Gson.fromJson(Gson.java:1214) ~[gson-2.10.jar%2372!/:?]
	at com.google.gson.Gson.fromJson(Gson.java:1319) ~[gson-2.10.jar%2372!/:?]
	at com.google.gson.Gson.fromJson(Gson.java:1261) ~[gson-2.10.jar%2372!/:?]
	at net.minecraftforge.common.ForgeHooks.loadLootTable(ForgeHooks.java:871) ~[forge-1.20.1-47.4.0-universal.jar%23356!/:?]
	at net.minecraftforge.common.ForgeHooks.lambda$getLootTableDeserializer$3(ForgeHooks.java:848) ~[forge-1.20.1-47.4.0-universal.jar%23356!/:?]
	at net.minecraft.world.level.storage.loot.LootDataType.deserialize(LootDataType.java:45) ~[server-1.20.1-20230612.114412-srg.jar%23351!/:?]
	at net.minecraft.world.level.storage.loot.LootDataManager.lambda$scheduleElementParse$4(LootDataManager.java:56) ~[server-1.20.1-20230612.114412-srg.jar%23351!/:?]
	at java.util.HashMap.forEach(HashMap.java:1421) ~[?:?]
	at net.minecraft.world.level.storage.loot.LootDataManager.m_278660_(LootDataManager.java:55) ~[server-1.20.1-20230612.114412-srg.jar%23351!/:?]
	at java.util.concurrent.CompletableFuture$AsyncRun.run(CompletableFuture.java:1804) ~[?:?]
	at java.util.concurrent.CompletableFuture$AsyncRun.exec(CompletableFuture.java:1796) ~[?:?]
	at java.util.concurrent.ForkJoinTask.doExec(ForkJoinTask.java:373) ~[?:?]
	at java.util.concurrent.ForkJoinPool$WorkQueue.topLevelExec(ForkJoinPool.java:1182) ~[?:?]
	at java.util.concurrent.ForkJoinPool.scan(ForkJoinPool.java:1655) ~[?:?]
	at java.util.concurrent.ForkJoinPool.runWorker(ForkJoinPool.java:1622) ~[?:?]
	at java.util.concurrent.ForkJoinWorkerThread.run(ForkJoinWorkerThread.java:165) ~[?:?]
[18Mar2026 17:50:03.519] [Worker-Main-1/ERROR] [net.minecraftforge.common.ForgeHooks/]: Couldn't parse element loot_tables:idas:chests/archmages_tower/archmages_tower_treasure
com.google.gson.JsonSyntaxException: Expected name to be an item, was unknown string 'ars_nouveau:ritual_burrowing'
	at net.minecraft.util.GsonHelper.m_13866_(GsonHelper.java:145) ~[server-1.20.1-20230612.114412-srg.jar%23351!/:?]
	at java.util.Optional.orElseThrow(Optional.java:403) ~[?:?]
	at net.minecraft.util.GsonHelper.m_13874_(GsonHelper.java:145) ~[server-1.20.1-20230612.114412-srg.jar%23351!/:?]
	at net.minecraft.util.GsonHelper.m_13909_(GsonHelper.java:153) ~[server-1.20.1-20230612.114412-srg.jar%23351!/:?]
	at net.minecraft.world.level.storage.loot.entries.LootItem$Serializer.m_7267_(LootItem.java:55) ~[server-1.20.1-20230612.114412-srg.jar%23351!/:?]
	at net.minecraft.world.level.storage.loot.entries.LootItem$Serializer.m_7267_(LootItem.java:40) ~[server-1.20.1-20230612.114412-srg.jar%23351!/:?]
	at net.minecraft.world.level.storage.loot.entries.LootPoolSingletonContainer$Serializer.m_5921_(LootPoolSingletonContainer.java:151) ~[server-1.20.1-20230612.114412-srg.jar%23351!/:?]
	at net.minecraft.world.level.storage.loot.entries.LootPoolSingletonContainer$Serializer.m_5921_(LootPoolSingletonContainer.java:129) ~[server-1.20.1-20230612.114412-srg.jar%23351!/:?]
	at net.minecraft.world.level.storage.loot.entries.LootPoolEntryContainer$Serializer.m_7561_(LootPoolEntryContainer.java:86) ~[server-1.20.1-20230612.114412-srg.jar%23351!/:?]
	at net.minecraft.world.level.storage.loot.entries.LootPoolEntryContainer$Serializer.m_7561_(LootPoolEntryContainer.java:74) ~[server-1.20.1-20230612.114412-srg.jar%23351!/:?]
	at net.minecraft.world.level.storage.loot.GsonAdapterFactory$JsonAdapter.deserialize(GsonAdapterFactory.java:102) ~[server-1.20.1-20230612.114412-srg.jar%23351!/:?]
	at com.google.gson.internal.bind.TreeTypeAdapter.read(TreeTypeAdapter.java:76) ~[gson-2.10.jar%2372!/:?]
	at com.google.gson.internal.bind.TypeAdapterRuntimeTypeWrapper.read(TypeAdapterRuntimeTypeWrapper.java:40) ~[gson-2.10.jar%2372!/:?]
	at com.google.gson.internal.bind.ArrayTypeAdapter.read(ArrayTypeAdapter.java:72) ~[gson-2.10.jar%2372!/:?]
	at com.google.gson.Gson.fromJson(Gson.java:1214) ~[gson-2.10.jar%2372!/:?]
	at com.google.gson.Gson.fromJson(Gson.java:1319) ~[gson-2.10.jar%2372!/:?]
	at com.google.gson.Gson.fromJson(Gson.java:1290) ~[gson-2.10.jar%2372!/:?]
	at com.google.gson.internal.bind.TreeTypeAdapter$GsonContextImpl.deserialize(TreeTypeAdapter.java:179) ~[gson-2.10.jar%2372!/:?]
	at net.minecraft.util.GsonHelper.m_13808_(GsonHelper.java:463) ~[server-1.20.1-20230612.114412-srg.jar%23351!/:?]
	at net.minecraft.util.GsonHelper.m_13836_(GsonHelper.java:471) ~[server-1.20.1-20230612.114412-srg.jar%23351!/:?]
	at net.minecraft.world.level.storage.loot.LootPool$Serializer.deserialize(LootPool.java:192) ~[server-1.20.1-20230612.114412-srg.jar%23351!/:?]
	at net.minecraft.world.level.storage.loot.LootPool$Serializer.deserialize(LootPool.java:189) ~[server-1.20.1-20230612.114412-srg.jar%23351!/:?]
	at com.google.gson.internal.bind.TreeTypeAdapter.read(TreeTypeAdapter.java:76) ~[gson-2.10.jar%2372!/:?]
	at com.google.gson.internal.bind.TypeAdapterRuntimeTypeWrapper.read(TypeAdapterRuntimeTypeWrapper.java:40) ~[gson-2.10.jar%2372!/:?]
	at com.google.gson.internal.bind.ArrayTypeAdapter.read(ArrayTypeAdapter.java:72) ~[gson-2.10.jar%2372!/:?]
	at com.google.gson.Gson.fromJson(Gson.java:1214) ~[gson-2.10.jar%2372!/:?]
	at com.google.gson.Gson.fromJson(Gson.java:1319) ~[gson-2.10.jar%2372!/:?]
	at com.google.gson.Gson.fromJson(Gson.java:1290) ~[gson-2.10.jar%2372!/:?]
	at com.google.gson.internal.bind.TreeTypeAdapter$GsonContextImpl.deserialize(TreeTypeAdapter.java:179) ~[gson-2.10.jar%2372!/:?]
	at net.minecraft.util.GsonHelper.m_13808_(GsonHelper.java:463) ~[server-1.20.1-20230612.114412-srg.jar%23351!/:?]
	at net.minecraft.util.GsonHelper.m_13845_(GsonHelper.java:481) ~[server-1.20.1-20230612.114412-srg.jar%23351!/:?]
	at net.minecraft.world.level.storage.loot.LootTable$Serializer.deserialize(LootTable.java:294) ~[server-1.20.1-20230612.114412-srg.jar%23351!/:?]
	at net.minecraft.world.level.storage.loot.LootTable$Serializer.deserialize(LootTable.java:291) ~[server-1.20.1-20230612.114412-srg.jar%23351!/:?]
	at com.google.gson.internal.bind.TreeTypeAdapter.read(TreeTypeAdapter.java:76) ~[gson-2.10.jar%2372!/:?]
	at com.google.gson.Gson.fromJson(Gson.java:1214) ~[gson-2.10.jar%2372!/:?]
	at com.google.gson.Gson.fromJson(Gson.java:1319) ~[gson-2.10.jar%2372!/:?]
	at com.google.gson.Gson.fromJson(Gson.java:1261) ~[gson-2.10.jar%2372!/:?]
	at net.minecraftforge.common.ForgeHooks.loadLootTable(ForgeHooks.java:871) ~[forge-1.20.1-47.4.0-universal.jar%23356!/:?]
	at net.minecraftforge.common.ForgeHooks.lambda$getLootTableDeserializer$3(ForgeHooks.java:848) ~[forge-1.20.1-47.4.0-universal.jar%23356!/:?]
	at net.minecraft.world.level.storage.loot.LootDataType.deserialize(LootDataType.java:45) ~[server-1.20.1-20230612.114412-srg.jar%23351!/:?]
	at net.minecraft.world.level.storage.loot.LootDataManager.lambda$scheduleElementParse$4(LootDataManager.java:56) ~[server-1.20.1-20230612.114412-srg.jar%23351!/:?]
	at java.util.HashMap.forEach(HashMap.java:1421) ~[?:?]
	at net.minecraft.world.level.storage.loot.LootDataManager.m_278660_(LootDataManager.java:55) ~[server-1.20.1-20230612.114412-srg.jar%23351!/:?]
	at java.util.concurrent.CompletableFuture$AsyncRun.run(CompletableFuture.java:1804) ~[?:?]
	at java.util.concurrent.CompletableFuture$AsyncRun.exec(CompletableFuture.java:1796) ~[?:?]
	at java.util.concurrent.ForkJoinTask.doExec(ForkJoinTask.java:373) ~[?:?]
	at java.util.concurrent.ForkJoinPool$WorkQueue.topLevelExec(ForkJoinPool.java:1182) ~[?:?]
	at java.util.concurrent.ForkJoinPool.scan(ForkJoinPool.java:1655) ~[?:?]
	at java.util.concurrent.ForkJoinPool.runWorker(ForkJoinPool.java:1622) ~[?:?]
	at java.util.concurrent.ForkJoinWorkerThread.run(ForkJoinWorkerThread.java:165) ~[?:?]
[18Mar2026 17:50:03.545] [Worker-Main-1/ERROR] [net.minecraftforge.common.ForgeHooks/]: Couldn't parse element loot_tables:nue:blocks/nether_gold_ore
com.google.gson.JsonSyntaxException: Expected name to be an item, was unknown string 'nue:deleted_mod_element'
	at net.minecraft.util.GsonHelper.m_13866_(GsonHelper.java:145) ~[server-1.20.1-20230612.114412-srg.jar%23351!/:?]
	at java.util.Optional.orElseThrow(Optional.java:403) ~[?:?]
	at net.minecraft.util.GsonHelper.m_13874_(GsonHelper.java:145) ~[server-1.20.1-20230612.114412-srg.jar%23351!/:?]
	at net.minecraft.util.GsonHelper.m_13909_(GsonHelper.java:153) ~[server-1.20.1-20230612.114412-srg.jar%23351!/:?]
	at net.minecraft.world.level.storage.loot.entries.LootItem$Serializer.m_7267_(LootItem.java:55) ~[server-1.20.1-20230612.114412-srg.jar%23351!/:?]
	at net.minecraft.world.level.storage.loot.entries.LootItem$Serializer.m_7267_(LootItem.java:40) ~[server-1.20.1-20230612.114412-srg.jar%23351!/:?]
	at net.minecraft.world.level.storage.loot.entries.LootPoolSingletonContainer$Serializer.m_5921_(LootPoolSingletonContainer.java:151) ~[server-1.20.1-20230612.114412-srg.jar%23351!/:?]
	at net.minecraft.world.level.storage.loot.entries.LootPoolSingletonContainer$Serializer.m_5921_(LootPoolSingletonContainer.java:129) ~[server-1.20.1-20230612.114412-srg.jar%23351!/:?]
	at net.minecraft.world.level.storage.loot.entries.LootPoolEntryContainer$Serializer.m_7561_(LootPoolEntryContainer.java:86) ~[server-1.20.1-20230612.114412-srg.jar%23351!/:?]
	at net.minecraft.world.level.storage.loot.entries.LootPoolEntryContainer$Serializer.m_7561_(LootPoolEntryContainer.java:74) ~[server-1.20.1-20230612.114412-srg.jar%23351!/:?]
	at net.minecraft.world.level.storage.loot.GsonAdapterFactory$JsonAdapter.deserialize(GsonAdapterFactory.java:102) ~[server-1.20.1-20230612.114412-srg.jar%23351!/:?]
	at com.google.gson.internal.bind.TreeTypeAdapter.read(TreeTypeAdapter.java:76) ~[gson-2.10.jar%2372!/:?]
	at com.google.gson.internal.bind.TypeAdapterRuntimeTypeWrapper.read(TypeAdapterRuntimeTypeWrapper.java:40) ~[gson-2.10.jar%2372!/:?]
	at com.google.gson.internal.bind.ArrayTypeAdapter.read(ArrayTypeAdapter.java:72) ~[gson-2.10.jar%2372!/:?]
	at com.google.gson.Gson.fromJson(Gson.java:1214) ~[gson-2.10.jar%2372!/:?]
	at com.google.gson.Gson.fromJson(Gson.java:1319) ~[gson-2.10.jar%2372!/:?]
	at com.google.gson.Gson.fromJson(Gson.java:1290) ~[gson-2.10.jar%2372!/:?]
	at com.google.gson.internal.bind.TreeTypeAdapter$GsonContextImpl.deserialize(TreeTypeAdapter.java:179) ~[gson-2.10.jar%2372!/:?]
	at net.minecraft.util.GsonHelper.m_13808_(GsonHelper.java:463) ~[server-1.20.1-20230612.114412-srg.jar%23351!/:?]
	at net.minecraft.util.GsonHelper.m_13836_(GsonHelper.java:471) ~[server-1.20.1-20230612.114412-srg.jar%23351!/:?]
	at net.minecraft.world.level.storage.loot.LootPool$Serializer.deserialize(LootPool.java:192) ~[server-1.20.1-20230612.114412-srg.jar%23351!/:?]
	at net.minecraft.world.level.storage.loot.LootPool$Serializer.deserialize(LootPool.java:189) ~[server-1.20.1-20230612.114412-srg.jar%23351!/:?]
	at com.google.gson.internal.bind.TreeTypeAdapter.read(TreeTypeAdapter.java:76) ~[gson-2.10.jar%2372!/:?]
	at com.google.gson.internal.bind.TypeAdapterRuntimeTypeWrapper.read(TypeAdapterRuntimeTypeWrapper.java:40) ~[gson-2.10.jar%2372!/:?]
	at com.google.gson.internal.bind.ArrayTypeAdapter.read(ArrayTypeAdapter.java:72) ~[gson-2.10.jar%2372!/:?]
	at com.google.gson.Gson.fromJson(Gson.java:1214) ~[gson-2.10.jar%2372!/:?]
	at com.google.gson.Gson.fromJson(Gson.java:1319) ~[gson-2.10.jar%2372!/:?]
	at com.google.gson.Gson.fromJson(Gson.java:1290) ~[gson-2.10.jar%2372!/:?]
	at com.google.gson.internal.bind.TreeTypeAdapter$GsonContextImpl.deserialize(TreeTypeAdapter.java:179) ~[gson-2.10.jar%2372!/:?]
	at net.minecraft.util.GsonHelper.m_13808_(GsonHelper.java:463) ~[server-1.20.1-20230612.114412-srg.jar%23351!/:?]
	at net.minecraft.util.GsonHelper.m_13845_(GsonHelper.java:481) ~[server-1.20.1-20230612.114412-srg.jar%23351!/:?]
	at net.minecraft.world.level.storage.loot.LootTable$Serializer.deserialize(LootTable.java:294) ~[server-1.20.1-20230612.114412-srg.jar%23351!/:?]
	at net.minecraft.world.level.storage.loot.LootTable$Serializer.deserialize(LootTable.java:291) ~[server-1.20.1-20230612.114412-srg.jar%23351!/:?]
	at com.google.gson.internal.bind.TreeTypeAdapter.read(TreeTypeAdapter.java:76) ~[gson-2.10.jar%2372!/:?]
	at com.google.gson.Gson.fromJson(Gson.java:1214) ~[gson-2.10.jar%2372!/:?]
	at com.google.gson.Gson.fromJson(Gson.java:1319) ~[gson-2.10.jar%2372!/:?]
	at com.google.gson.Gson.fromJson(Gson.java:1261) ~[gson-2.10.jar%2372!/:?]
	at net.minecraftforge.common.ForgeHooks.loadLootTable(ForgeHooks.java:871) ~[forge-1.20.1-47.4.0-universal.jar%23356!/:?]
	at net.minecraftforge.common.ForgeHooks.lambda$getLootTableDeserializer$3(ForgeHooks.java:848) ~[forge-1.20.1-47.4.0-universal.jar%23356!/:?]
	at net.minecraft.world.level.storage.loot.LootDataType.deserialize(LootDataType.java:45) ~[server-1.20.1-20230612.114412-srg.jar%23351!/:?]
	at net.minecraft.world.level.storage.loot.LootDataManager.lambda$scheduleElementParse$4(LootDataManager.java:56) ~[server-1.20.1-20230612.114412-srg.jar%23351!/:?]
	at java.util.HashMap.forEach(HashMap.java:1421) ~[?:?]
	at net.minecraft.world.level.storage.loot.LootDataManager.m_278660_(LootDataManager.java:55) ~[server-1.20.1-20230612.114412-srg.jar%23351!/:?]
	at java.util.concurrent.CompletableFuture$AsyncRun.run(CompletableFuture.java:1804) ~[?:?]
	at java.util.concurrent.CompletableFuture$AsyncRun.exec(CompletableFuture.java:1796) ~[?:?]
	at java.util.concurrent.ForkJoinTask.doExec(ForkJoinTask.java:373) ~[?:?]
	at java.util.concurrent.ForkJoinPool$WorkQueue.topLevelExec(ForkJoinPool.java:1182) ~[?:?]
	at java.util.concurrent.ForkJoinPool.scan(ForkJoinPool.java:1655) ~[?:?]
	at java.util.concurrent.ForkJoinPool.runWorker(ForkJoinPool.java:1622) ~[?:?]
	at java.util.concurrent.ForkJoinWorkerThread.run(ForkJoinWorkerThread.java:165) ~[?:?]
[18Mar2026 17:50:03.591] [Worker-Main-1/ERROR] [net.minecraftforge.common.ForgeHooks/]: Couldn't parse element loot_tables:idas:chests/archmages_tower/archmages_tower_library
com.google.gson.JsonSyntaxException: Expected name to be an item, was unknown string 'ars_nouveau:worn_notebook'
	at net.minecraft.util.GsonHelper.m_13866_(GsonHelper.java:145) ~[server-1.20.1-20230612.114412-srg.jar%23351!/:?]
	at java.util.Optional.orElseThrow(Optional.java:403) ~[?:?]
	at net.minecraft.util.GsonHelper.m_13874_(GsonHelper.java:145) ~[server-1.20.1-20230612.114412-srg.jar%23351!/:?]
	at net.minecraft.util.GsonHelper.m_13909_(GsonHelper.java:153) ~[server-1.20.1-20230612.114412-srg.jar%23351!/:?]
	at net.minecraft.world.level.storage.loot.entries.LootItem$Serializer.m_7267_(LootItem.java:55) ~[server-1.20.1-20230612.114412-srg.jar%23351!/:?]
	at net.minecraft.world.level.storage.loot.entries.LootItem$Serializer.m_7267_(LootItem.java:40) ~[server-1.20.1-20230612.114412-srg.jar%23351!/:?]
	at net.minecraft.world.level.storage.loot.entries.LootPoolSingletonContainer$Serializer.m_5921_(LootPoolSingletonContainer.java:151) ~[server-1.20.1-20230612.114412-srg.jar%23351!/:?]
	at net.minecraft.world.level.storage.loot.entries.LootPoolSingletonContainer$Serializer.m_5921_(LootPoolSingletonContainer.java:129) ~[server-1.20.1-20230612.114412-srg.jar%23351!/:?]
	at net.minecraft.world.level.storage.loot.entries.LootPoolEntryContainer$Serializer.m_7561_(LootPoolEntryContainer.java:86) ~[server-1.20.1-20230612.114412-srg.jar%23351!/:?]
	at net.minecraft.world.level.storage.loot.entries.LootPoolEntryContainer$Serializer.m_7561_(LootPoolEntryContainer.java:74) ~[server-1.20.1-20230612.114412-srg.jar%23351!/:?]
	at net.minecraft.world.level.storage.loot.GsonAdapterFactory$JsonAdapter.deserialize(GsonAdapterFactory.java:102) ~[server-1.20.1-20230612.114412-srg.jar%23351!/:?]
	at com.google.gson.internal.bind.TreeTypeAdapter.read(TreeTypeAdapter.java:76) ~[gson-2.10.jar%2372!/:?]
	at com.google.gson.internal.bind.TypeAdapterRuntimeTypeWrapper.read(TypeAdapterRuntimeTypeWrapper.java:40) ~[gson-2.10.jar%2372!/:?]
	at com.google.gson.internal.bind.ArrayTypeAdapter.read(ArrayTypeAdapter.java:72) ~[gson-2.10.jar%2372!/:?]
	at com.google.gson.Gson.fromJson(Gson.java:1214) ~[gson-2.10.jar%2372!/:?]
	at com.google.gson.Gson.fromJson(Gson.java:1319) ~[gson-2.10.jar%2372!/:?]
	at com.google.gson.Gson.fromJson(Gson.java:1290) ~[gson-2.10.jar%2372!/:?]
	at com.google.gson.internal.bind.TreeTypeAdapter$GsonContextImpl.deserialize(TreeTypeAdapter.java:179) ~[gson-2.10.jar%2372!/:?]
	at net.minecraft.util.GsonHelper.m_13808_(GsonHelper.java:463) ~[server-1.20.1-20230612.114412-srg.jar%23351!/:?]
	at net.minecraft.util.GsonHelper.m_13836_(GsonHelper.java:471) ~[server-1.20.1-20230612.114412-srg.jar%23351!/:?]
	at net.minecraft.world.level.storage.loot.LootPool$Serializer.deserialize(LootPool.java:192) ~[server-1.20.1-20230612.114412-srg.jar%23351!/:?]
	at net.minecraft.world.level.storage.loot.LootPool$Serializer.deserialize(LootPool.java:189) ~[server-1.20.1-20230612.114412-srg.jar%23351!/:?]
	at com.google.gson.internal.bind.TreeTypeAdapter.read(TreeTypeAdapter.java:76) ~[gson-2.10.jar%2372!/:?]
	at com.google.gson.internal.bind.TypeAdapterRuntimeTypeWrapper.read(TypeAdapterRuntimeTypeWrapper.java:40) ~[gson-2.10.jar%2372!/:?]
	at com.google.gson.internal.bind.ArrayTypeAdapter.read(ArrayTypeAdapter.java:72) ~[gson-2.10.jar%2372!/:?]
	at com.google.gson.Gson.fromJson(Gson.java:1214) ~[gson-2.10.jar%2372!/:?]
	at com.google.gson.Gson.fromJson(Gson.java:1319) ~[gson-2.10.jar%2372!/:?]
	at com.google.gson.Gson.fromJson(Gson.java:1290) ~[gson-2.10.jar%2372!/:?]
	at com.google.gson.internal.bind.TreeTypeAdapter$GsonContextImpl.deserialize(TreeTypeAdapter.java:179) ~[gson-2.10.jar%2372!/:?]
	at net.minecraft.util.GsonHelper.m_13808_(GsonHelper.java:463) ~[server-1.20.1-20230612.114412-srg.jar%23351!/:?]
	at net.minecraft.util.GsonHelper.m_13845_(GsonHelper.java:481) ~[server-1.20.1-20230612.114412-srg.jar%23351!/:?]
	at net.minecraft.world.level.storage.loot.LootTable$Serializer.deserialize(LootTable.java:294) ~[server-1.20.1-20230612.114412-srg.jar%23351!/:?]
	at net.minecraft.world.level.storage.loot.LootTable$Serializer.deserialize(LootTable.java:291) ~[server-1.20.1-20230612.114412-srg.jar%23351!/:?]
	at com.google.gson.internal.bind.TreeTypeAdapter.read(TreeTypeAdapter.java:76) ~[gson-2.10.jar%2372!/:?]
	at com.google.gson.Gson.fromJson(Gson.java:1214) ~[gson-2.10.jar%2372!/:?]
	at com.google.gson.Gson.fromJson(Gson.java:1319) ~[gson-2.10.jar%2372!/:?]
	at com.google.gson.Gson.fromJson(Gson.java:1261) ~[gson-2.10.jar%2372!/:?]
	at net.minecraftforge.common.ForgeHooks.loadLootTable(ForgeHooks.java:871) ~[forge-1.20.1-47.4.0-universal.jar%23356!/:?]
	at net.minecraftforge.common.ForgeHooks.lambda$getLootTableDeserializer$3(ForgeHooks.java:848) ~[forge-1.20.1-47.4.0-universal.jar%23356!/:?]
	at net.minecraft.world.level.storage.loot.LootDataType.deserialize(LootDataType.java:45) ~[server-1.20.1-20230612.114412-srg.jar%23351!/:?]
	at net.minecraft.world.level.storage.loot.LootDataManager.lambda$scheduleElementParse$4(LootDataManager.java:56) ~[server-1.20.1-20230612.114412-srg.jar%23351!/:?]
	at java.util.HashMap.forEach(HashMap.java:1421) ~[?:?]
	at net.minecraft.world.level.storage.loot.LootDataManager.m_278660_(LootDataManager.java:55) ~[server-1.20.1-20230612.114412-srg.jar%23351!/:?]
	at java.util.concurrent.CompletableFuture$AsyncRun.run(CompletableFuture.java:1804) ~[?:?]
	at java.util.concurrent.CompletableFuture$AsyncRun.exec(CompletableFuture.java:1796) ~[?:?]
	at java.util.concurrent.ForkJoinTask.doExec(ForkJoinTask.java:373) ~[?:?]
	at java.util.concurrent.ForkJoinPool$WorkQueue.topLevelExec(ForkJoinPool.java:1182) ~[?:?]
	at java.util.concurrent.ForkJoinPool.scan(ForkJoinPool.java:1655) ~[?:?]
	at java.util.concurrent.ForkJoinPool.runWorker(ForkJoinPool.java:1622) ~[?:?]
	at java.util.concurrent.ForkJoinWorkerThread.run(ForkJoinWorkerThread.java:165) ~[?:?]
[18Mar2026 17:50:03.783] [Worker-Main-1/ERROR] [net.minecraftforge.common.ForgeHooks/]: Couldn't parse element loot_tables:idas:chests/enchantingtower/enchantingtower_basic_ars
com.google.gson.JsonSyntaxException: Expected name to be an item, was unknown string 'ars_nouveau:magebloom_fiber'
	at net.minecraft.util.GsonHelper.m_13866_(GsonHelper.java:145) ~[server-1.20.1-20230612.114412-srg.jar%23351!/:?]
	at java.util.Optional.orElseThrow(Optional.java:403) ~[?:?]
	at net.minecraft.util.GsonHelper.m_13874_(GsonHelper.java:145) ~[server-1.20.1-20230612.114412-srg.jar%23351!/:?]
	at net.minecraft.util.GsonHelper.m_13909_(GsonHelper.java:153) ~[server-1.20.1-20230612.114412-srg.jar%23351!/:?]
	at net.minecraft.world.level.storage.loot.entries.LootItem$Serializer.m_7267_(LootItem.java:55) ~[server-1.20.1-20230612.114412-srg.jar%23351!/:?]
	at net.minecraft.world.level.storage.loot.entries.LootItem$Serializer.m_7267_(LootItem.java:40) ~[server-1.20.1-20230612.114412-srg.jar%23351!/:?]
	at net.minecraft.world.level.storage.loot.entries.LootPoolSingletonContainer$Serializer.m_5921_(LootPoolSingletonContainer.java:151) ~[server-1.20.1-20230612.114412-srg.jar%23351!/:?]
	at net.minecraft.world.level.storage.loot.entries.LootPoolSingletonContainer$Serializer.m_5921_(LootPoolSingletonContainer.java:129) ~[server-1.20.1-20230612.114412-srg.jar%23351!/:?]
	at net.minecraft.world.level.storage.loot.entries.LootPoolEntryContainer$Serializer.m_7561_(LootPoolEntryContainer.java:86) ~[server-1.20.1-20230612.114412-srg.jar%23351!/:?]
	at net.minecraft.world.level.storage.loot.entries.LootPoolEntryContainer$Serializer.m_7561_(LootPoolEntryContainer.java:74) ~[server-1.20.1-20230612.114412-srg.jar%23351!/:?]
	at net.minecraft.world.level.storage.loot.GsonAdapterFactory$JsonAdapter.deserialize(GsonAdapterFactory.java:102) ~[server-1.20.1-20230612.114412-srg.jar%23351!/:?]
	at com.google.gson.internal.bind.TreeTypeAdapter.read(TreeTypeAdapter.java:76) ~[gson-2.10.jar%2372!/:?]
	at com.google.gson.internal.bind.TypeAdapterRuntimeTypeWrapper.read(TypeAdapterRuntimeTypeWrapper.java:40) ~[gson-2.10.jar%2372!/:?]
	at com.google.gson.internal.bind.ArrayTypeAdapter.read(ArrayTypeAdapter.java:72) ~[gson-2.10.jar%2372!/:?]
	at com.google.gson.Gson.fromJson(Gson.java:1214) ~[gson-2.10.jar%2372!/:?]
	at com.google.gson.Gson.fromJson(Gson.java:1319) ~[gson-2.10.jar%2372!/:?]
	at com.google.gson.Gson.fromJson(Gson.java:1290) ~[gson-2.10.jar%2372!/:?]
	at com.google.gson.internal.bind.TreeTypeAdapter$GsonContextImpl.deserialize(TreeTypeAdapter.java:179) ~[gson-2.10.jar%2372!/:?]
	at net.minecraft.util.GsonHelper.m_13808_(GsonHelper.java:463) ~[server-1.20.1-20230612.114412-srg.jar%23351!/:?]
	at net.minecraft.util.GsonHelper.m_13836_(GsonHelper.java:471) ~[server-1.20.1-20230612.114412-srg.jar%23351!/:?]
	at net.minecraft.world.level.storage.loot.LootPool$Serializer.deserialize(LootPool.java:192) ~[server-1.20.1-20230612.114412-srg.jar%23351!/:?]
	at net.minecraft.world.level.storage.loot.LootPool$Serializer.deserialize(LootPool.java:189) ~[server-1.20.1-20230612.114412-srg.jar%23351!/:?]
	at com.google.gson.internal.bind.TreeTypeAdapter.read(TreeTypeAdapter.java:76) ~[gson-2.10.jar%2372!/:?]
	at com.google.gson.internal.bind.TypeAdapterRuntimeTypeWrapper.read(TypeAdapterRuntimeTypeWrapper.java:40) ~[gson-2.10.jar%2372!/:?]
	at com.google.gson.internal.bind.ArrayTypeAdapter.read(ArrayTypeAdapter.java:72) ~[gson-2.10.jar%2372!/:?]
	at com.google.gson.Gson.fromJson(Gson.java:1214) ~[gson-2.10.jar%2372!/:?]
	at com.google.gson.Gson.fromJson(Gson.java:1319) ~[gson-2.10.jar%2372!/:?]
	at com.google.gson.Gson.fromJson(Gson.java:1290) ~[gson-2.10.jar%2372!/:?]
	at com.google.gson.internal.bind.TreeTypeAdapter$GsonContextImpl.deserialize(TreeTypeAdapter.java:179) ~[gson-2.10.jar%2372!/:?]
	at net.minecraft.util.GsonHelper.m_13808_(GsonHelper.java:463) ~[server-1.20.1-20230612.114412-srg.jar%23351!/:?]
	at net.minecraft.util.GsonHelper.m_13845_(GsonHelper.java:481) ~[server-1.20.1-20230612.114412-srg.jar%23351!/:?]
	at net.minecraft.world.level.storage.loot.LootTable$Serializer.deserialize(LootTable.java:294) ~[server-1.20.1-20230612.114412-srg.jar%23351!/:?]
	at net.minecraft.world.level.storage.loot.LootTable$Serializer.deserialize(LootTable.java:291) ~[server-1.20.1-20230612.114412-srg.jar%23351!/:?]
	at com.google.gson.internal.bind.TreeTypeAdapter.read(TreeTypeAdapter.java:76) ~[gson-2.10.jar%2372!/:?]
	at com.google.gson.Gson.fromJson(Gson.java:1214) ~[gson-2.10.jar%2372!/:?]
	at com.google.gson.Gson.fromJson(Gson.java:1319) ~[gson-2.10.jar%2372!/:?]
	at com.google.gson.Gson.fromJson(Gson.java:1261) ~[gson-2.10.jar%2372!/:?]
	at net.minecraftforge.common.ForgeHooks.loadLootTable(ForgeHooks.java:871) ~[forge-1.20.1-47.4.0-universal.jar%23356!/:?]
	at net.minecraftforge.common.ForgeHooks.lambda$getLootTableDeserializer$3(ForgeHooks.java:848) ~[forge-1.20.1-47.4.0-universal.jar%23356!/:?]
	at net.minecraft.world.level.storage.loot.LootDataType.deserialize(LootDataType.java:45) ~[server-1.20.1-20230612.114412-srg.jar%23351!/:?]
	at net.minecraft.world.level.storage.loot.LootDataManager.lambda$scheduleElementParse$4(LootDataManager.java:56) ~[server-1.20.1-20230612.114412-srg.jar%23351!/:?]
	at java.util.HashMap.forEach(HashMap.java:1421) ~[?:?]
	at net.minecraft.world.level.storage.loot.LootDataManager.m_278660_(LootDataManager.java:55) ~[server-1.20.1-20230612.114412-srg.jar%23351!/:?]
	at java.util.concurrent.CompletableFuture$AsyncRun.run(CompletableFuture.java:1804) ~[?:?]
	at java.util.concurrent.CompletableFuture$AsyncRun.exec(CompletableFuture.java:1796) ~[?:?]
	at java.util.concurrent.ForkJoinTask.doExec(ForkJoinTask.java:373) ~[?:?]
	at java.util.concurrent.ForkJoinPool$WorkQueue.topLevelExec(ForkJoinPool.java:1182) ~[?:?]
	at java.util.concurrent.ForkJoinPool.scan(ForkJoinPool.java:1655) ~[?:?]
	at java.util.concurrent.ForkJoinPool.runWorker(ForkJoinPool.java:1622) ~[?:?]
	at java.util.concurrent.ForkJoinWorkerThread.run(ForkJoinWorkerThread.java:165) ~[?:?]
[18Mar2026 17:50:03.855] [Worker-Main-1/ERROR] [net.minecraftforge.common.ForgeHooks/]: Couldn't parse element loot_tables:idas:chests/dread_citadel/dread_citadel_throne
com.google.gson.JsonSyntaxException: Expected name to be an item, was unknown string 'iceandfire:dread_shard'
	at net.minecraft.util.GsonHelper.m_13866_(GsonHelper.java:145) ~[server-1.20.1-20230612.114412-srg.jar%23351!/:?]
	at java.util.Optional.orElseThrow(Optional.java:403) ~[?:?]
	at net.minecraft.util.GsonHelper.m_13874_(GsonHelper.java:145) ~[server-1.20.1-20230612.114412-srg.jar%23351!/:?]
	at net.minecraft.util.GsonHelper.m_13909_(GsonHelper.java:153) ~[server-1.20.1-20230612.114412-srg.jar%23351!/:?]
	at net.minecraft.world.level.storage.loot.entries.LootItem$Serializer.m_7267_(LootItem.java:55) ~[server-1.20.1-20230612.114412-srg.jar%23351!/:?]
	at net.minecraft.world.level.storage.loot.entries.LootItem$Serializer.m_7267_(LootItem.java:40) ~[server-1.20.1-20230612.114412-srg.jar%23351!/:?]
	at net.minecraft.world.level.storage.loot.entries.LootPoolSingletonContainer$Serializer.m_5921_(LootPoolSingletonContainer.java:151) ~[server-1.20.1-20230612.114412-srg.jar%23351!/:?]
	at net.minecraft.world.level.storage.loot.entries.LootPoolSingletonContainer$Serializer.m_5921_(LootPoolSingletonContainer.java:129) ~[server-1.20.1-20230612.114412-srg.jar%23351!/:?]
	at net.minecraft.world.level.storage.loot.entries.LootPoolEntryContainer$Serializer.m_7561_(LootPoolEntryContainer.java:86) ~[server-1.20.1-20230612.114412-srg.jar%23351!/:?]
	at net.minecraft.world.level.storage.loot.entries.LootPoolEntryContainer$Serializer.m_7561_(LootPoolEntryContainer.java:74) ~[server-1.20.1-20230612.114412-srg.jar%23351!/:?]
	at net.minecraft.world.level.storage.loot.GsonAdapterFactory$JsonAdapter.deserialize(GsonAdapterFactory.java:102) ~[server-1.20.1-20230612.114412-srg.jar%23351!/:?]
	at com.google.gson.internal.bind.TreeTypeAdapter.read(TreeTypeAdapter.java:76) ~[gson-2.10.jar%2372!/:?]
	at com.google.gson.internal.bind.TypeAdapterRuntimeTypeWrapper.read(TypeAdapterRuntimeTypeWrapper.java:40) ~[gson-2.10.jar%2372!/:?]
	at com.google.gson.internal.bind.ArrayTypeAdapter.read(ArrayTypeAdapter.java:72) ~[gson-2.10.jar%2372!/:?]
	at com.google.gson.Gson.fromJson(Gson.java:1214) ~[gson-2.10.jar%2372!/:?]
	at com.google.gson.Gson.fromJson(Gson.java:1319) ~[gson-2.10.jar%2372!/:?]
	at com.google.gson.Gson.fromJson(Gson.java:1290) ~[gson-2.10.jar%2372!/:?]
	at com.google.gson.internal.bind.TreeTypeAdapter$GsonContextImpl.deserialize(TreeTypeAdapter.java:179) ~[gson-2.10.jar%2372!/:?]
	at net.minecraft.util.GsonHelper.m_13808_(GsonHelper.java:463) ~[server-1.20.1-20230612.114412-srg.jar%23351!/:?]
	at net.minecraft.util.GsonHelper.m_13836_(GsonHelper.java:471) ~[server-1.20.1-20230612.114412-srg.jar%23351!/:?]
	at net.minecraft.world.level.storage.loot.LootPool$Serializer.deserialize(LootPool.java:192) ~[server-1.20.1-20230612.114412-srg.jar%23351!/:?]
	at net.minecraft.world.level.storage.loot.LootPool$Serializer.deserialize(LootPool.java:189) ~[server-1.20.1-20230612.114412-srg.jar%23351!/:?]
	at com.google.gson.internal.bind.TreeTypeAdapter.read(TreeTypeAdapter.java:76) ~[gson-2.10.jar%2372!/:?]
	at com.google.gson.internal.bind.TypeAdapterRuntimeTypeWrapper.read(TypeAdapterRuntimeTypeWrapper.java:40) ~[gson-2.10.jar%2372!/:?]
	at com.google.gson.internal.bind.ArrayTypeAdapter.read(ArrayTypeAdapter.java:72) ~[gson-2.10.jar%2372!/:?]
	at com.google.gson.Gson.fromJson(Gson.java:1214) ~[gson-2.10.jar%2372!/:?]
	at com.google.gson.Gson.fromJson(Gson.java:1319) ~[gson-2.10.jar%2372!/:?]
	at com.google.gson.Gson.fromJson(Gson.java:1290) ~[gson-2.10.jar%2372!/:?]
	at com.google.gson.internal.bind.TreeTypeAdapter$GsonContextImpl.deserialize(TreeTypeAdapter.java:179) ~[gson-2.10.jar%2372!/:?]
	at net.minecraft.util.GsonHelper.m_13808_(GsonHelper.java:463) ~[server-1.20.1-20230612.114412-srg.jar%23351!/:?]
	at net.minecraft.util.GsonHelper.m_13845_(GsonHelper.java:481) ~[server-1.20.1-20230612.114412-srg.jar%23351!/:?]
	at net.minecraft.world.level.storage.loot.LootTable$Serializer.deserialize(LootTable.java:294) ~[server-1.20.1-20230612.114412-srg.jar%23351!/:?]
	at net.minecraft.world.level.storage.loot.LootTable$Serializer.deserialize(LootTable.java:291) ~[server-1.20.1-20230612.114412-srg.jar%23351!/:?]
	at com.google.gson.internal.bind.TreeTypeAdapter.read(TreeTypeAdapter.java:76) ~[gson-2.10.jar%2372!/:?]
	at com.google.gson.Gson.fromJson(Gson.java:1214) ~[gson-2.10.jar%2372!/:?]
	at com.google.gson.Gson.fromJson(Gson.java:1319) ~[gson-2.10.jar%2372!/:?]
	at com.google.gson.Gson.fromJson(Gson.java:1261) ~[gson-2.10.jar%2372!/:?]
	at net.minecraftforge.common.ForgeHooks.loadLootTable(ForgeHooks.java:871) ~[forge-1.20.1-47.4.0-universal.jar%23356!/:?]
	at net.minecraftforge.common.ForgeHooks.lambda$getLootTableDeserializer$3(ForgeHooks.java:848) ~[forge-1.20.1-47.4.0-universal.jar%23356!/:?]
	at net.minecraft.world.level.storage.loot.LootDataType.deserialize(LootDataType.java:45) ~[server-1.20.1-20230612.114412-srg.jar%23351!/:?]
	at net.minecraft.world.level.storage.loot.LootDataManager.lambda$scheduleElementParse$4(LootDataManager.java:56) ~[server-1.20.1-20230612.114412-srg.jar%23351!/:?]
	at java.util.HashMap.forEach(HashMap.java:1421) ~[?:?]
	at net.minecraft.world.level.storage.loot.LootDataManager.m_278660_(LootDataManager.java:55) ~[server-1.20.1-20230612.114412-srg.jar%23351!/:?]
	at java.util.concurrent.CompletableFuture$AsyncRun.run(CompletableFuture.java:1804) ~[?:?]
	at java.util.concurrent.CompletableFuture$AsyncRun.exec(CompletableFuture.java:1796) ~[?:?]
	at java.util.concurrent.ForkJoinTask.doExec(ForkJoinTask.java:373) ~[?:?]
	at java.util.concurrent.ForkJoinPool$WorkQueue.topLevelExec(ForkJoinPool.java:1182) ~[?:?]
	at java.util.concurrent.ForkJoinPool.scan(ForkJoinPool.java:1655) ~[?:?]
	at java.util.concurrent.ForkJoinPool.runWorker(ForkJoinPool.java:1622) ~[?:?]
	at java.util.concurrent.ForkJoinWorkerThread.run(ForkJoinWorkerThread.java:165) ~[?:?]
[18Mar2026 17:50:03.938] [Worker-Main-1/ERROR] [net.minecraftforge.common.ForgeHooks/]: Couldn't parse element loot_tables:idas:chests/dread_citadel/dread_citadel_library
com.google.gson.JsonSyntaxException: Expected name to be an item, was unknown string 'iceandfire:dread_shard'
	at net.minecraft.util.GsonHelper.m_13866_(GsonHelper.java:145) ~[server-1.20.1-20230612.114412-srg.jar%23351!/:?]
	at java.util.Optional.orElseThrow(Optional.java:403) ~[?:?]
	at net.minecraft.util.GsonHelper.m_13874_(GsonHelper.java:145) ~[server-1.20.1-20230612.114412-srg.jar%23351!/:?]
	at net.minecraft.util.GsonHelper.m_13909_(GsonHelper.java:153) ~[server-1.20.1-20230612.114412-srg.jar%23351!/:?]
	at net.minecraft.world.level.storage.loot.entries.LootItem$Serializer.m_7267_(LootItem.java:55) ~[server-1.20.1-20230612.114412-srg.jar%23351!/:?]
	at net.minecraft.world.level.storage.loot.entries.LootItem$Serializer.m_7267_(LootItem.java:40) ~[server-1.20.1-20230612.114412-srg.jar%23351!/:?]
	at net.minecraft.world.level.storage.loot.entries.LootPoolSingletonContainer$Serializer.m_5921_(LootPoolSingletonContainer.java:151) ~[server-1.20.1-20230612.114412-srg.jar%23351!/:?]
	at net.minecraft.world.level.storage.loot.entries.LootPoolSingletonContainer$Serializer.m_5921_(LootPoolSingletonContainer.java:129) ~[server-1.20.1-20230612.114412-srg.jar%23351!/:?]
	at net.minecraft.world.level.storage.loot.entries.LootPoolEntryContainer$Serializer.m_7561_(LootPoolEntryContainer.java:86) ~[server-1.20.1-20230612.114412-srg.jar%23351!/:?]
	at net.minecraft.world.level.storage.loot.entries.LootPoolEntryContainer$Serializer.m_7561_(LootPoolEntryContainer.java:74) ~[server-1.20.1-20230612.114412-srg.jar%23351!/:?]
	at net.minecraft.world.level.storage.loot.GsonAdapterFactory$JsonAdapter.deserialize(GsonAdapterFactory.java:102) ~[server-1.20.1-20230612.114412-srg.jar%23351!/:?]
	at com.google.gson.internal.bind.TreeTypeAdapter.read(TreeTypeAdapter.java:76) ~[gson-2.10.jar%2372!/:?]
	at com.google.gson.internal.bind.TypeAdapterRuntimeTypeWrapper.read(TypeAdapterRuntimeTypeWrapper.java:40) ~[gson-2.10.jar%2372!/:?]
	at com.google.gson.internal.bind.ArrayTypeAdapter.read(ArrayTypeAdapter.java:72) ~[gson-2.10.jar%2372!/:?]
	at com.google.gson.Gson.fromJson(Gson.java:1214) ~[gson-2.10.jar%2372!/:?]
	at com.google.gson.Gson.fromJson(Gson.java:1319) ~[gson-2.10.jar%2372!/:?]
	at com.google.gson.Gson.fromJson(Gson.java:1290) ~[gson-2.10.jar%2372!/:?]
	at com.google.gson.internal.bind.TreeTypeAdapter$GsonContextImpl.deserialize(TreeTypeAdapter.java:179) ~[gson-2.10.jar%2372!/:?]
	at net.minecraft.util.GsonHelper.m_13808_(GsonHelper.java:463) ~[server-1.20.1-20230612.114412-srg.jar%23351!/:?]
	at net.minecraft.util.GsonHelper.m_13836_(GsonHelper.java:471) ~[server-1.20.1-20230612.114412-srg.jar%23351!/:?]
	at net.minecraft.world.level.storage.loot.LootPool$Serializer.deserialize(LootPool.java:192) ~[server-1.20.1-20230612.114412-srg.jar%23351!/:?]
	at net.minecraft.world.level.storage.loot.LootPool$Serializer.deserialize(LootPool.java:189) ~[server-1.20.1-20230612.114412-srg.jar%23351!/:?]
	at com.google.gson.internal.bind.TreeTypeAdapter.read(TreeTypeAdapter.java:76) ~[gson-2.10.jar%2372!/:?]
	at com.google.gson.internal.bind.TypeAdapterRuntimeTypeWrapper.read(TypeAdapterRuntimeTypeWrapper.java:40) ~[gson-2.10.jar%2372!/:?]
	at com.google.gson.internal.bind.ArrayTypeAdapter.read(ArrayTypeAdapter.java:72) ~[gson-2.10.jar%2372!/:?]
	at com.google.gson.Gson.fromJson(Gson.java:1214) ~[gson-2.10.jar%2372!/:?]
	at com.google.gson.Gson.fromJson(Gson.java:1319) ~[gson-2.10.jar%2372!/:?]
	at com.google.gson.Gson.fromJson(Gson.java:1290) ~[gson-2.10.jar%2372!/:?]
	at com.google.gson.internal.bind.TreeTypeAdapter$GsonContextImpl.deserialize(TreeTypeAdapter.java:179) ~[gson-2.10.jar%2372!/:?]
	at net.minecraft.util.GsonHelper.m_13808_(GsonHelper.java:463) ~[server-1.20.1-20230612.114412-srg.jar%23351!/:?]
	at net.minecraft.util.GsonHelper.m_13845_(GsonHelper.java:481) ~[server-1.20.1-20230612.114412-srg.jar%23351!/:?]
	at net.minecraft.world.level.storage.loot.LootTable$Serializer.deserialize(LootTable.java:294) ~[server-1.20.1-20230612.114412-srg.jar%23351!/:?]
	at net.minecraft.world.level.storage.loot.LootTable$Serializer.deserialize(LootTable.java:291) ~[server-1.20.1-20230612.114412-srg.jar%23351!/:?]
	at com.google.gson.internal.bind.TreeTypeAdapter.read(TreeTypeAdapter.java:76) ~[gson-2.10.jar%2372!/:?]
	at com.google.gson.Gson.fromJson(Gson.java:1214) ~[gson-2.10.jar%2372!/:?]
	at com.google.gson.Gson.fromJson(Gson.java:1319) ~[gson-2.10.jar%2372!/:?]
	at com.google.gson.Gson.fromJson(Gson.java:1261) ~[gson-2.10.jar%2372!/:?]
	at net.minecraftforge.common.ForgeHooks.loadLootTable(ForgeHooks.java:871) ~[forge-1.20.1-47.4.0-universal.jar%23356!/:?]
	at net.minecraftforge.common.ForgeHooks.lambda$getLootTableDeserializer$3(ForgeHooks.java:848) ~[forge-1.20.1-47.4.0-universal.jar%23356!/:?]
	at net.minecraft.world.level.storage.loot.LootDataType.deserialize(LootDataType.java:45) ~[server-1.20.1-20230612.114412-srg.jar%23351!/:?]
	at net.minecraft.world.level.storage.loot.LootDataManager.lambda$scheduleElementParse$4(LootDataManager.java:56) ~[server-1.20.1-20230612.114412-srg.jar%23351!/:?]
	at java.util.HashMap.forEach(HashMap.java:1421) ~[?:?]
	at net.minecraft.world.level.storage.loot.LootDataManager.m_278660_(LootDataManager.java:55) ~[server-1.20.1-20230612.114412-srg.jar%23351!/:?]
	at java.util.concurrent.CompletableFuture$AsyncRun.run(CompletableFuture.java:1804) ~[?:?]
	at java.util.concurrent.CompletableFuture$AsyncRun.exec(CompletableFuture.java:1796) ~[?:?]
	at java.util.concurrent.ForkJoinTask.doExec(ForkJoinTask.java:373) ~[?:?]
	at java.util.concurrent.ForkJoinPool$WorkQueue.topLevelExec(ForkJoinPool.java:1182) ~[?:?]
	at java.util.concurrent.ForkJoinPool.scan(ForkJoinPool.java:1655) ~[?:?]
	at java.util.concurrent.ForkJoinPool.runWorker(ForkJoinPool.java:1622) ~[?:?]
	at java.util.concurrent.ForkJoinWorkerThread.run(ForkJoinWorkerThread.java:165) ~[?:?]
[18Mar2026 17:50:04.040] [Worker-Main-1/INFO] [Spartan Weaponry/]: Adding Iron Weapons to the Village Weaponsmith Loot Table!
[18Mar2026 17:50:04.066] [Worker-Main-1/ERROR] [net.minecraftforge.common.ForgeHooks/]: Couldn't parse element loot_tables:idas:chests/enchantingtower/enchantingtower_top_ars
com.google.gson.JsonSyntaxException: Expected name to be an item, was unknown string 'ars_nouveau:scryer_scroll'
	at net.minecraft.util.GsonHelper.m_13866_(GsonHelper.java:145) ~[server-1.20.1-20230612.114412-srg.jar%23351!/:?]
	at java.util.Optional.orElseThrow(Optional.java:403) ~[?:?]
	at net.minecraft.util.GsonHelper.m_13874_(GsonHelper.java:145) ~[server-1.20.1-20230612.114412-srg.jar%23351!/:?]
	at net.minecraft.util.GsonHelper.m_13909_(GsonHelper.java:153) ~[server-1.20.1-20230612.114412-srg.jar%23351!/:?]
	at net.minecraft.world.level.storage.loot.entries.LootItem$Serializer.m_7267_(LootItem.java:55) ~[server-1.20.1-20230612.114412-srg.jar%23351!/:?]
	at net.minecraft.world.level.storage.loot.entries.LootItem$Serializer.m_7267_(LootItem.java:40) ~[server-1.20.1-20230612.114412-srg.jar%23351!/:?]
	at net.minecraft.world.level.storage.loot.entries.LootPoolSingletonContainer$Serializer.m_5921_(LootPoolSingletonContainer.java:151) ~[server-1.20.1-20230612.114412-srg.jar%23351!/:?]
	at net.minecraft.world.level.storage.loot.entries.LootPoolSingletonContainer$Serializer.m_5921_(LootPoolSingletonContainer.java:129) ~[server-1.20.1-20230612.114412-srg.jar%23351!/:?]
	at net.minecraft.world.level.storage.loot.entries.LootPoolEntryContainer$Serializer.m_7561_(LootPoolEntryContainer.java:86) ~[server-1.20.1-20230612.114412-srg.jar%23351!/:?]
	at net.minecraft.world.level.storage.loot.entries.LootPoolEntryContainer$Serializer.m_7561_(LootPoolEntryContainer.java:74) ~[server-1.20.1-20230612.114412-srg.jar%23351!/:?]
	at net.minecraft.world.level.storage.loot.GsonAdapterFactory$JsonAdapter.deserialize(GsonAdapterFactory.java:102) ~[server-1.20.1-20230612.114412-srg.jar%23351!/:?]
	at com.google.gson.internal.bind.TreeTypeAdapter.read(TreeTypeAdapter.java:76) ~[gson-2.10.jar%2372!/:?]
	at com.google.gson.internal.bind.TypeAdapterRuntimeTypeWrapper.read(TypeAdapterRuntimeTypeWrapper.java:40) ~[gson-2.10.jar%2372!/:?]
	at com.google.gson.internal.bind.ArrayTypeAdapter.read(ArrayTypeAdapter.java:72) ~[gson-2.10.jar%2372!/:?]
	at com.google.gson.Gson.fromJson(Gson.java:1214) ~[gson-2.10.jar%2372!/:?]
	at com.google.gson.Gson.fromJson(Gson.java:1319) ~[gson-2.10.jar%2372!/:?]
	at com.google.gson.Gson.fromJson(Gson.java:1290) ~[gson-2.10.jar%2372!/:?]
	at com.google.gson.internal.bind.TreeTypeAdapter$GsonContextImpl.deserialize(TreeTypeAdapter.java:179) ~[gson-2.10.jar%2372!/:?]
	at net.minecraft.util.GsonHelper.m_13808_(GsonHelper.java:463) ~[server-1.20.1-20230612.114412-srg.jar%23351!/:?]
	at net.minecraft.util.GsonHelper.m_13836_(GsonHelper.java:471) ~[server-1.20.1-20230612.114412-srg.jar%23351!/:?]
	at net.minecraft.world.level.storage.loot.LootPool$Serializer.deserialize(LootPool.java:192) ~[server-1.20.1-20230612.114412-srg.jar%23351!/:?]
	at net.minecraft.world.level.storage.loot.LootPool$Serializer.deserialize(LootPool.java:189) ~[server-1.20.1-20230612.114412-srg.jar%23351!/:?]
	at com.google.gson.internal.bind.TreeTypeAdapter.read(TreeTypeAdapter.java:76) ~[gson-2.10.jar%2372!/:?]
	at com.google.gson.internal.bind.TypeAdapterRuntimeTypeWrapper.read(TypeAdapterRuntimeTypeWrapper.java:40) ~[gson-2.10.jar%2372!/:?]
	at com.google.gson.internal.bind.ArrayTypeAdapter.read(ArrayTypeAdapter.java:72) ~[gson-2.10.jar%2372!/:?]
	at com.google.gson.Gson.fromJson(Gson.java:1214) ~[gson-2.10.jar%2372!/:?]
	at com.google.gson.Gson.fromJson(Gson.java:1319) ~[gson-2.10.jar%2372!/:?]
	at com.google.gson.Gson.fromJson(Gson.java:1290) ~[gson-2.10.jar%2372!/:?]
	at com.google.gson.internal.bind.TreeTypeAdapter$GsonContextImpl.deserialize(TreeTypeAdapter.java:179) ~[gson-2.10.jar%2372!/:?]
	at net.minecraft.util.GsonHelper.m_13808_(GsonHelper.java:463) ~[server-1.20.1-20230612.114412-srg.jar%23351!/:?]
	at net.minecraft.util.GsonHelper.m_13845_(GsonHelper.java:481) ~[server-1.20.1-20230612.114412-srg.jar%23351!/:?]
	at net.minecraft.world.level.storage.loot.LootTable$Serializer.deserialize(LootTable.java:294) ~[server-1.20.1-20230612.114412-srg.jar%23351!/:?]
	at net.minecraft.world.level.storage.loot.LootTable$Serializer.deserialize(LootTable.java:291) ~[server-1.20.1-20230612.114412-srg.jar%23351!/:?]
	at com.google.gson.internal.bind.TreeTypeAdapter.read(TreeTypeAdapter.java:76) ~[gson-2.10.jar%2372!/:?]
	at com.google.gson.Gson.fromJson(Gson.java:1214) ~[gson-2.10.jar%2372!/:?]
	at com.google.gson.Gson.fromJson(Gson.java:1319) ~[gson-2.10.jar%2372!/:?]
	at com.google.gson.Gson.fromJson(Gson.java:1261) ~[gson-2.10.jar%2372!/:?]
	at net.minecraftforge.common.ForgeHooks.loadLootTable(ForgeHooks.java:871) ~[forge-1.20.1-47.4.0-universal.jar%23356!/:?]
	at net.minecraftforge.common.ForgeHooks.lambda$getLootTableDeserializer$3(ForgeHooks.java:848) ~[forge-1.20.1-47.4.0-universal.jar%23356!/:?]
	at net.minecraft.world.level.storage.loot.LootDataType.deserialize(LootDataType.java:45) ~[server-1.20.1-20230612.114412-srg.jar%23351!/:?]
	at net.minecraft.world.level.storage.loot.LootDataManager.lambda$scheduleElementParse$4(LootDataManager.java:56) ~[server-1.20.1-20230612.114412-srg.jar%23351!/:?]
	at java.util.HashMap.forEach(HashMap.java:1421) ~[?:?]
	at net.minecraft.world.level.storage.loot.LootDataManager.m_278660_(LootDataManager.java:55) ~[server-1.20.1-20230612.114412-srg.jar%23351!/:?]
	at java.util.concurrent.CompletableFuture$AsyncRun.run(CompletableFuture.java:1804) ~[?:?]
	at java.util.concurrent.CompletableFuture$AsyncRun.exec(CompletableFuture.java:1796) ~[?:?]
	at java.util.concurrent.ForkJoinTask.doExec(ForkJoinTask.java:373) ~[?:?]
	at java.util.concurrent.ForkJoinPool$WorkQueue.topLevelExec(ForkJoinPool.java:1182) ~[?:?]
	at java.util.concurrent.ForkJoinPool.scan(ForkJoinPool.java:1655) ~[?:?]
	at java.util.concurrent.ForkJoinPool.runWorker(ForkJoinPool.java:1622) ~[?:?]
	at java.util.concurrent.ForkJoinWorkerThread.run(ForkJoinWorkerThread.java:165) ~[?:?]
[18Mar2026 17:50:04.078] [Worker-Main-1/ERROR] [net.minecraftforge.common.ForgeHooks/]: Couldn't parse element loot_tables:idas:chests/archmages_tower/archmages_tower
com.google.gson.JsonSyntaxException: Expected name to be an item, was unknown string 'ars_nouveau:magebloom_fiber'
	at net.minecraft.util.GsonHelper.m_13866_(GsonHelper.java:145) ~[server-1.20.1-20230612.114412-srg.jar%23351!/:?]
	at java.util.Optional.orElseThrow(Optional.java:403) ~[?:?]
	at net.minecraft.util.GsonHelper.m_13874_(GsonHelper.java:145) ~[server-1.20.1-20230612.114412-srg.jar%23351!/:?]
	at net.minecraft.util.GsonHelper.m_13909_(GsonHelper.java:153) ~[server-1.20.1-20230612.114412-srg.jar%23351!/:?]
	at net.minecraft.world.level.storage.loot.entries.LootItem$Serializer.m_7267_(LootItem.java:55) ~[server-1.20.1-20230612.114412-srg.jar%23351!/:?]
	at net.minecraft.world.level.storage.loot.entries.LootItem$Serializer.m_7267_(LootItem.java:40) ~[server-1.20.1-20230612.114412-srg.jar%23351!/:?]
	at net.minecraft.world.level.storage.loot.entries.LootPoolSingletonContainer$Serializer.m_5921_(LootPoolSingletonContainer.java:151) ~[server-1.20.1-20230612.114412-srg.jar%23351!/:?]
	at net.minecraft.world.level.storage.loot.entries.LootPoolSingletonContainer$Serializer.m_5921_(LootPoolSingletonContainer.java:129) ~[server-1.20.1-20230612.114412-srg.jar%23351!/:?]
	at net.minecraft.world.level.storage.loot.entries.LootPoolEntryContainer$Serializer.m_7561_(LootPoolEntryContainer.java:86) ~[server-1.20.1-20230612.114412-srg.jar%23351!/:?]
	at net.minecraft.world.level.storage.loot.entries.LootPoolEntryContainer$Serializer.m_7561_(LootPoolEntryContainer.java:74) ~[server-1.20.1-20230612.114412-srg.jar%23351!/:?]
	at net.minecraft.world.level.storage.loot.GsonAdapterFactory$JsonAdapter.deserialize(GsonAdapterFactory.java:102) ~[server-1.20.1-20230612.114412-srg.jar%23351!/:?]
	at com.google.gson.internal.bind.TreeTypeAdapter.read(TreeTypeAdapter.java:76) ~[gson-2.10.jar%2372!/:?]
	at com.google.gson.internal.bind.TypeAdapterRuntimeTypeWrapper.read(TypeAdapterRuntimeTypeWrapper.java:40) ~[gson-2.10.jar%2372!/:?]
	at com.google.gson.internal.bind.ArrayTypeAdapter.read(ArrayTypeAdapter.java:72) ~[gson-2.10.jar%2372!/:?]
	at com.google.gson.Gson.fromJson(Gson.java:1214) ~[gson-2.10.jar%2372!/:?]
	at com.google.gson.Gson.fromJson(Gson.java:1319) ~[gson-2.10.jar%2372!/:?]
	at com.google.gson.Gson.fromJson(Gson.java:1290) ~[gson-2.10.jar%2372!/:?]
	at com.google.gson.internal.bind.TreeTypeAdapter$GsonContextImpl.deserialize(TreeTypeAdapter.java:179) ~[gson-2.10.jar%2372!/:?]
	at net.minecraft.util.GsonHelper.m_13808_(GsonHelper.java:463) ~[server-1.20.1-20230612.114412-srg.jar%23351!/:?]
	at net.minecraft.util.GsonHelper.m_13836_(GsonHelper.java:471) ~[server-1.20.1-20230612.114412-srg.jar%23351!/:?]
	at net.minecraft.world.level.storage.loot.LootPool$Serializer.deserialize(LootPool.java:192) ~[server-1.20.1-20230612.114412-srg.jar%23351!/:?]
	at net.minecraft.world.level.storage.loot.LootPool$Serializer.deserialize(LootPool.java:189) ~[server-1.20.1-20230612.114412-srg.jar%23351!/:?]
	at com.google.gson.internal.bind.TreeTypeAdapter.read(TreeTypeAdapter.java:76) ~[gson-2.10.jar%2372!/:?]
	at com.google.gson.internal.bind.TypeAdapterRuntimeTypeWrapper.read(TypeAdapterRuntimeTypeWrapper.java:40) ~[gson-2.10.jar%2372!/:?]
	at com.google.gson.internal.bind.ArrayTypeAdapter.read(ArrayTypeAdapter.java:72) ~[gson-2.10.jar%2372!/:?]
	at com.google.gson.Gson.fromJson(Gson.java:1214) ~[gson-2.10.jar%2372!/:?]
	at com.google.gson.Gson.fromJson(Gson.java:1319) ~[gson-2.10.jar%2372!/:?]
	at com.google.gson.Gson.fromJson(Gson.java:1290) ~[gson-2.10.jar%2372!/:?]
	at com.google.gson.internal.bind.TreeTypeAdapter$GsonContextImpl.deserialize(TreeTypeAdapter.java:179) ~[gson-2.10.jar%2372!/:?]
	at net.minecraft.util.GsonHelper.m_13808_(GsonHelper.java:463) ~[server-1.20.1-20230612.114412-srg.jar%23351!/:?]
	at net.minecraft.util.GsonHelper.m_13845_(GsonHelper.java:481) ~[server-1.20.1-20230612.114412-srg.jar%23351!/:?]
	at net.minecraft.world.level.storage.loot.LootTable$Serializer.deserialize(LootTable.java:294) ~[server-1.20.1-20230612.114412-srg.jar%23351!/:?]
	at net.minecraft.world.level.storage.loot.LootTable$Serializer.deserialize(LootTable.java:291) ~[server-1.20.1-20230612.114412-srg.jar%23351!/:?]
	at com.google.gson.internal.bind.TreeTypeAdapter.read(TreeTypeAdapter.java:76) ~[gson-2.10.jar%2372!/:?]
	at com.google.gson.Gson.fromJson(Gson.java:1214) ~[gson-2.10.jar%2372!/:?]
	at com.google.gson.Gson.fromJson(Gson.java:1319) ~[gson-2.10.jar%2372!/:?]
	at com.google.gson.Gson.fromJson(Gson.java:1261) ~[gson-2.10.jar%2372!/:?]
	at net.minecraftforge.common.ForgeHooks.loadLootTable(ForgeHooks.java:871) ~[forge-1.20.1-47.4.0-universal.jar%23356!/:?]
	at net.minecraftforge.common.ForgeHooks.lambda$getLootTableDeserializer$3(ForgeHooks.java:848) ~[forge-1.20.1-47.4.0-universal.jar%23356!/:?]
	at net.minecraft.world.level.storage.loot.LootDataType.deserialize(LootDataType.java:45) ~[server-1.20.1-20230612.114412-srg.jar%23351!/:?]
	at net.minecraft.world.level.storage.loot.LootDataManager.lambda$scheduleElementParse$4(LootDataManager.java:56) ~[server-1.20.1-20230612.114412-srg.jar%23351!/:?]
	at java.util.HashMap.forEach(HashMap.java:1421) ~[?:?]
	at net.minecraft.world.level.storage.loot.LootDataManager.m_278660_(LootDataManager.java:55) ~[server-1.20.1-20230612.114412-srg.jar%23351!/:?]
	at java.util.concurrent.CompletableFuture$AsyncRun.run(CompletableFuture.java:1804) ~[?:?]
	at java.util.concurrent.CompletableFuture$AsyncRun.exec(CompletableFuture.java:1796) ~[?:?]
	at java.util.concurrent.ForkJoinTask.doExec(ForkJoinTask.java:373) ~[?:?]
	at java.util.concurrent.ForkJoinPool$WorkQueue.topLevelExec(ForkJoinPool.java:1182) ~[?:?]
	at java.util.concurrent.ForkJoinPool.scan(ForkJoinPool.java:1655) ~[?:?]
	at java.util.concurrent.ForkJoinPool.runWorker(ForkJoinPool.java:1622) ~[?:?]
	at java.util.concurrent.ForkJoinWorkerThread.run(ForkJoinWorkerThread.java:165) ~[?:?]
[18Mar2026 17:50:04.152] [main/INFO] [com.teamabnormals.blueprint.core.Blueprint/]: Loot Modification Manager has loaded 0 modifier groups
[18Mar2026 17:50:04.785] [main/INFO] [net.minecraft.world.item.crafting.RecipeManager/]: Skipping loading recipe samurai_dynasty:source_gem_samruai_chestplate_ritual as it's serializer returned null
[18Mar2026 17:50:04.788] [main/INFO] [net.minecraft.world.item.crafting.RecipeManager/]: Skipping loading recipe samurai_dynasty:tyr_samurai_chestplate as it's serializer returned null
[18Mar2026 17:50:04.802] [main/INFO] [net.minecraft.world.item.crafting.RecipeManager/]: Skipping loading recipe samurai_dynasty:living_samruai_chestplate_array as it's serializer returned null
[18Mar2026 17:50:04.802] [main/INFO] [net.minecraft.world.item.crafting.RecipeManager/]: Skipping loading recipe supplementaries:inspirations/blackboard_clear as it's serializer returned null
[18Mar2026 17:50:04.803] [main/INFO] [net.minecraft.world.item.crafting.RecipeManager/]: Skipping loading recipe samurai_dynasty:draco_samurai_helmet as it's serializer returned null
[18Mar2026 17:50:04.815] [main/INFO] [Spartan Weaponry/]: Empty result tag:"forge:nuggets/invar" Skipping...
[18Mar2026 17:50:04.815] [main/INFO] [net.minecraft.world.item.crafting.RecipeManager/]: Skipping loading recipe spartanweaponry:invar_nugget_from_smelting_invar_weapons as it's serializer returned null
[18Mar2026 17:50:04.816] [main/INFO] [Spartan Weaponry/]: Empty result tag:"forge:nuggets/constantan" Skipping...
[18Mar2026 17:50:04.816] [main/INFO] [net.minecraft.world.item.crafting.RecipeManager/]: Skipping loading recipe spartanweaponry:constantan_nugget_from_smelting_constantan_weapons as it's serializer returned null
[18Mar2026 17:50:04.819] [main/INFO] [net.minecraft.world.item.crafting.RecipeManager/]: Skipping loading recipe samurai_dynasty:source_gem_samruai_leggings_ritual as it's serializer returned null
[18Mar2026 17:50:04.828] [main/ERROR] [net.minecraft.world.item.crafting.RecipeManager/]: Parsing error loading recipe samurai_dynasty:samurai_guide
com.google.gson.JsonSyntaxException: Unknown item 'patchouli:guide_book'
	at net.minecraftforge.common.crafting.CraftingHelper.getItem(CraftingHelper.java:160) ~[forge-1.20.1-47.4.0-universal.jar%23356!/:?]
	at net.minecraftforge.common.crafting.CraftingHelper.getItemStack(CraftingHelper.java:186) ~[forge-1.20.1-47.4.0-universal.jar%23356!/:?]
	at net.minecraft.world.item.crafting.ShapedRecipe.m_151274_(ShapedRecipe.java:286) ~[server-1.20.1-20230612.114412-srg.jar%23351!/:?]
	at net.minecraft.world.item.crafting.ShapedRecipe$Serializer.m_6729_(ShapedRecipe.java:311) ~[server-1.20.1-20230612.114412-srg.jar%23351!/:?]
	at net.minecraft.world.item.crafting.ShapedRecipe$Serializer.m_6729_(ShapedRecipe.java:301) ~[server-1.20.1-20230612.114412-srg.jar%23351!/:?]
	at net.minecraftforge.common.extensions.IForgeRecipeSerializer.fromJson(IForgeRecipeSerializer.java:23) ~[forge-1.20.1-47.4.0-universal.jar%23356!/:?]
	at net.minecraft.world.item.crafting.RecipeManager.fromJson(RecipeManager.java:171) ~[server-1.20.1-20230612.114412-srg.jar%23351!/:?]
	at net.minecraft.world.item.crafting.RecipeManager.m_5787_(RecipeManager.java:67) ~[server-1.20.1-20230612.114412-srg.jar%23351!/:?]
	at net.minecraft.world.item.crafting.RecipeManager.m_5787_(RecipeManager.java:34) ~[server-1.20.1-20230612.114412-srg.jar%23351!/:?]
	at net.minecraft.server.packs.resources.SimplePreparableReloadListener.m_10789_(SimplePreparableReloadListener.java:13) ~[server-1.20.1-20230612.114412-srg.jar%23351!/:?]
	at java.util.concurrent.CompletableFuture$UniAccept.tryFire(CompletableFuture.java:718) ~[?:?]
	at java.util.concurrent.CompletableFuture$Completion.run(CompletableFuture.java:482) ~[?:?]
	at net.minecraft.server.packs.resources.SimpleReloadInstance.m_143940_(SimpleReloadInstance.java:69) ~[server-1.20.1-20230612.114412-srg.jar%23351!/:?]
	at net.minecraft.Util.m_214652_(Util.java:783) ~[server-1.20.1-20230612.114412-srg.jar%23351!/:?]
	at net.minecraft.Util.m_214679_(Util.java:772) ~[server-1.20.1-20230612.114412-srg.jar%23351!/:?]
	at net.minecraft.server.Main.main(Main.java:166) ~[server-1.20.1-20230612.114412-srg.jar%23351!/:?]
	at jdk.internal.reflect.NativeMethodAccessorImpl.invoke0(Native Method) ~[?:?]
	at jdk.internal.reflect.NativeMethodAccessorImpl.invoke(NativeMethodAccessorImpl.java:77) ~[?:?]
	at jdk.internal.reflect.DelegatingMethodAccessorImpl.invoke(DelegatingMethodAccessorImpl.java:43) ~[?:?]
	at java.lang.reflect.Method.invoke(Method.java:569) ~[?:?]
	at net.minecraftforge.fml.loading.targets.CommonLaunchHandler.runTarget(CommonLaunchHandler.java:111) ~[fmlloader-1.20.1-47.4.0.jar%2369!/:?]
	at net.minecraftforge.fml.loading.targets.CommonLaunchHandler.serverService(CommonLaunchHandler.java:103) ~[fmlloader-1.20.1-47.4.0.jar%2369!/:?]
	at net.minecraftforge.fml.loading.targets.CommonServerLaunchHandler.lambda$makeService$0(CommonServerLaunchHandler.java:27) ~[fmlloader-1.20.1-47.4.0.jar%2369!/:?]
	at cpw.mods.modlauncher.LaunchServiceHandlerDecorator.launch(LaunchServiceHandlerDecorator.java:30) ~[modlauncher-10.0.9.jar%2355!/:?]
	at cpw.mods.modlauncher.LaunchServiceHandler.launch(LaunchServiceHandler.java:53) ~[modlauncher-10.0.9.jar%2355!/:?]
	at cpw.mods.modlauncher.LaunchServiceHandler.launch(LaunchServiceHandler.java:71) ~[modlauncher-10.0.9.jar%2355!/:?]
	at cpw.mods.modlauncher.Launcher.run(Launcher.java:108) ~[modlauncher-10.0.9.jar%2355!/:?]
	at cpw.mods.modlauncher.Launcher.main(Launcher.java:78) ~[modlauncher-10.0.9.jar%2355!/:?]
	at cpw.mods.modlauncher.BootstrapLaunchConsumer.accept(BootstrapLaunchConsumer.java:26) ~[modlauncher-10.0.9.jar%2355!/:?]
	at cpw.mods.modlauncher.BootstrapLaunchConsumer.accept(BootstrapLaunchConsumer.java:23) ~[modlauncher-10.0.9.jar%2355!/:?]
	at cpw.mods.bootstraplauncher.BootstrapLauncher.main(BootstrapLauncher.java:141) ~[bootstraplauncher-1.1.2.jar:?]
[18Mar2026 17:50:04.846] [main/INFO] [net.minecraft.world.item.crafting.RecipeManager/]: Skipping loading recipe twilightforest:jeed/frosted as it's serializer returned null
[18Mar2026 17:50:04.847] [main/INFO] [net.minecraft.world.item.crafting.RecipeManager/]: Skipping loading recipe supplementaries:inspirations/flag_dye as it's serializer returned null
[18Mar2026 17:50:04.852] [main/INFO] [net.minecraft.world.item.crafting.RecipeManager/]: Skipping loading recipe samurai_dynasty:neptunium_samurai_chestplate as it's serializer returned null
[18Mar2026 17:50:04.861] [main/INFO] [net.minecraft.world.item.crafting.RecipeManager/]: Skipping loading recipe twilightforest:jeed/hunger as it's serializer returned null
[18Mar2026 17:50:04.861] [main/INFO] [net.minecraft.world.item.crafting.RecipeManager/]: Skipping loading recipe samurai_dynasty:sculk_samruai_helmet_smithing as it's serializer returned null
[18Mar2026 17:50:04.878] [main/INFO] [Spartan Weaponry/]: Empty result tag:"forge:nuggets/constantan" Skipping...
[18Mar2026 17:50:04.879] [main/INFO] [net.minecraft.world.item.crafting.RecipeManager/]: Skipping loading recipe spartanweaponry:constantan_nugget_from_blasting_constantan_weapons as it's serializer returned null
[18Mar2026 17:50:04.881] [main/INFO] [net.minecraft.world.item.crafting.RecipeManager/]: Skipping loading recipe samurai_dynasty:tyr_samurai_boots as it's serializer returned null
[18Mar2026 17:50:04.882] [main/ERROR] [net.minecraft.world.item.crafting.RecipeManager/]: Parsing error loading recipe minervillager:combine_preview
com.google.gson.JsonSyntaxException: Unknown item 'minecraft:test'
	at net.minecraft.world.item.crafting.ShapedRecipe.m_151280_(ShapedRecipe.java:292) ~[server-1.20.1-20230612.114412-srg.jar%23351!/:?]
	at java.util.Optional.orElseThrow(Optional.java:403) ~[?:?]
	at net.minecraft.world.item.crafting.ShapedRecipe.m_151278_(ShapedRecipe.java:291) ~[server-1.20.1-20230612.114412-srg.jar%23351!/:?]
	at net.minecraft.world.item.crafting.Ingredient.m_43919_(Ingredient.java:219) ~[server-1.20.1-20230612.114412-srg.jar%23351!/:?]
	at net.minecraftforge.common.crafting.VanillaIngredientSerializer.parse(VanillaIngredientSerializer.java:27) ~[forge-1.20.1-47.4.0-universal.jar%23356!/:?]
	at net.minecraftforge.common.crafting.CraftingHelper.getIngredient(CraftingHelper.java:148) ~[forge-1.20.1-47.4.0-universal.jar%23356!/:?]
	at net.minecraft.world.item.crafting.Ingredient.m_288218_(Ingredient.java:194) ~[server-1.20.1-20230612.114412-srg.jar%23351!/:?]
	at net.minecraft.world.item.crafting.Ingredient.m_43917_(Ingredient.java:189) ~[server-1.20.1-20230612.114412-srg.jar%23351!/:?]
	at com.eruannie_9.minervillager.recipe.EmeraldAnvilRecipeSerializer.getIngredientFromJson(EmeraldAnvilRecipeSerializer.java:53) ~[minervillager-1.20.1-5.6.1.jar%23293!/:1.20.1-5.6.1]
	at com.eruannie_9.minervillager.recipe.EmeraldAnvilRecipeSerializer.fromJson(EmeraldAnvilRecipeSerializer.java:40) ~[minervillager-1.20.1-5.6.1.jar%23293!/:1.20.1-5.6.1]
	at com.eruannie_9.minervillager.recipe.EmeraldAnvilRecipeSerializer.m_6729_(EmeraldAnvilRecipeSerializer.java:21) ~[minervillager-1.20.1-5.6.1.jar%23293!/:1.20.1-5.6.1]
	at net.minecraftforge.common.extensions.IForgeRecipeSerializer.fromJson(IForgeRecipeSerializer.java:23) ~[forge-1.20.1-47.4.0-universal.jar%23356!/:?]
	at net.minecraft.world.item.crafting.RecipeManager.fromJson(RecipeManager.java:171) ~[server-1.20.1-20230612.114412-srg.jar%23351!/:?]
	at net.minecraft.world.item.crafting.RecipeManager.m_5787_(RecipeManager.java:67) ~[server-1.20.1-20230612.114412-srg.jar%23351!/:?]
	at net.minecraft.world.item.crafting.RecipeManager.m_5787_(RecipeManager.java:34) ~[server-1.20.1-20230612.114412-srg.jar%23351!/:?]
	at net.minecraft.server.packs.resources.SimplePreparableReloadListener.m_10789_(SimplePreparableReloadListener.java:13) ~[server-1.20.1-20230612.114412-srg.jar%23351!/:?]
	at java.util.concurrent.CompletableFuture$UniAccept.tryFire(CompletableFuture.java:718) ~[?:?]
	at java.util.concurrent.CompletableFuture$Completion.run(CompletableFuture.java:482) ~[?:?]
	at net.minecraft.server.packs.resources.SimpleReloadInstance.m_143940_(SimpleReloadInstance.java:69) ~[server-1.20.1-20230612.114412-srg.jar%23351!/:?]
	at net.minecraft.Util.m_214652_(Util.java:783) ~[server-1.20.1-20230612.114412-srg.jar%23351!/:?]
	at net.minecraft.Util.m_214679_(Util.java:772) ~[server-1.20.1-20230612.114412-srg.jar%23351!/:?]
	at net.minecraft.server.Main.main(Main.java:166) ~[server-1.20.1-20230612.114412-srg.jar%23351!/:?]
	at jdk.internal.reflect.NativeMethodAccessorImpl.invoke0(Native Method) ~[?:?]
	at jdk.internal.reflect.NativeMethodAccessorImpl.invoke(NativeMethodAccessorImpl.java:77) ~[?:?]
	at jdk.internal.reflect.DelegatingMethodAccessorImpl.invoke(DelegatingMethodAccessorImpl.java:43) ~[?:?]
	at java.lang.reflect.Method.invoke(Method.java:569) ~[?:?]
	at net.minecraftforge.fml.loading.targets.CommonLaunchHandler.runTarget(CommonLaunchHandler.java:111) ~[fmlloader-1.20.1-47.4.0.jar%2369!/:?]
	at net.minecraftforge.fml.loading.targets.CommonLaunchHandler.serverService(CommonLaunchHandler.java:103) ~[fmlloader-1.20.1-47.4.0.jar%2369!/:?]
	at net.minecraftforge.fml.loading.targets.CommonServerLaunchHandler.lambda$makeService$0(CommonServerLaunchHandler.java:27) ~[fmlloader-1.20.1-47.4.0.jar%2369!/:?]
	at cpw.mods.modlauncher.LaunchServiceHandlerDecorator.launch(LaunchServiceHandlerDecorator.java:30) ~[modlauncher-10.0.9.jar%2355!/:?]
	at cpw.mods.modlauncher.LaunchServiceHandler.launch(LaunchServiceHandler.java:53) ~[modlauncher-10.0.9.jar%2355!/:?]
	at cpw.mods.modlauncher.LaunchServiceHandler.launch(LaunchServiceHandler.java:71) ~[modlauncher-10.0.9.jar%2355!/:?]
	at cpw.mods.modlauncher.Launcher.run(Launcher.java:108) ~[modlauncher-10.0.9.jar%2355!/:?]
	at cpw.mods.modlauncher.Launcher.main(Launcher.java:78) ~[modlauncher-10.0.9.jar%2355!/:?]
	at cpw.mods.modlauncher.BootstrapLaunchConsumer.accept(BootstrapLaunchConsumer.java:26) ~[modlauncher-10.0.9.jar%2355!/:?]
	at cpw.mods.modlauncher.BootstrapLaunchConsumer.accept(BootstrapLaunchConsumer.java:23) ~[modlauncher-10.0.9.jar%2355!/:?]
	at cpw.mods.bootstraplauncher.BootstrapLauncher.main(BootstrapLauncher.java:141) ~[bootstraplauncher-1.1.2.jar:?]
[18Mar2026 17:50:04.890] [main/INFO] [net.minecraft.world.item.crafting.RecipeManager/]: Skipping loading recipe samurai_dynasty:etyrite_samruai_chestplate_smithing as it's serializer returned null
[18Mar2026 17:50:04.899] [main/INFO] [net.minecraft.world.item.crafting.RecipeManager/]: Skipping loading recipe samurai_dynasty:living_samruai_leggings_array as it's serializer returned null
[18Mar2026 17:50:04.899] [main/INFO] [Spartan Weaponry/]: Empty result tag:"forge:nuggets/lead" Skipping...
[18Mar2026 17:50:04.900] [main/INFO] [net.minecraft.world.item.crafting.RecipeManager/]: Skipping loading recipe spartanweaponry:lead_nugget_from_blasting_lead_weapons as it's serializer returned null
[18Mar2026 17:50:04.918] [main/INFO] [Spartan Weaponry/]: Empty result tag:"forge:nuggets/tin" Skipping...
[18Mar2026 17:50:04.919] [main/INFO] [net.minecraft.world.item.crafting.RecipeManager/]: Skipping loading recipe spartanweaponry:tin_nugget_from_smelting_tin_weapons as it's serializer returned null
[18Mar2026 17:50:04.934] [main/INFO] [net.minecraft.world.item.crafting.RecipeManager/]: Skipping loading recipe samurai_dynasty:sculk_samruai_leggings_smithing as it's serializer returned null
[18Mar2026 17:50:04.953] [main/INFO] [net.minecraft.world.item.crafting.RecipeManager/]: Skipping loading recipe samurai_dynasty:neptunium_samurai_helmet as it's serializer returned null
[18Mar2026 17:50:04.970] [main/INFO] [Spartan Weaponry/]: Empty result tag:"forge:nuggets/invar" Skipping...
[18Mar2026 17:50:04.970] [main/INFO] [net.minecraft.world.item.crafting.RecipeManager/]: Skipping loading recipe spartanweaponry:invar_nugget_from_blasting_invar_weapons as it's serializer returned null
[18Mar2026 17:50:04.971] [main/INFO] [net.minecraft.world.item.crafting.RecipeManager/]: Skipping loading recipe samurai_dynasty:etyrite_samruai_boots_smithing as it's serializer returned null
[18Mar2026 17:50:04.976] [main/ERROR] [net.minecraft.world.item.crafting.RecipeManager/]: Parsing error loading recipe samurai_dynasty:mask_straw_hat
com.google.gson.JsonSyntaxException: Unknown item 'samurai_dynasty:mask_straw_hat'
	at net.minecraftforge.common.crafting.CraftingHelper.getItem(CraftingHelper.java:160) ~[forge-1.20.1-47.4.0-universal.jar%23356!/:?]
	at net.minecraftforge.common.crafting.CraftingHelper.getItemStack(CraftingHelper.java:186) ~[forge-1.20.1-47.4.0-universal.jar%23356!/:?]
	at net.minecraft.world.item.crafting.ShapedRecipe.m_151274_(ShapedRecipe.java:286) ~[server-1.20.1-20230612.114412-srg.jar%23351!/:?]
	at net.minecraft.world.item.crafting.ShapelessRecipe$Serializer.m_6729_(ShapelessRecipe.java:95) ~[server-1.20.1-20230612.114412-srg.jar%23351!/:?]
	at net.minecraft.world.item.crafting.ShapelessRecipe$Serializer.m_6729_(ShapelessRecipe.java:84) ~[server-1.20.1-20230612.114412-srg.jar%23351!/:?]
	at net.minecraftforge.common.extensions.IForgeRecipeSerializer.fromJson(IForgeRecipeSerializer.java:23) ~[forge-1.20.1-47.4.0-universal.jar%23356!/:?]
	at net.minecraft.world.item.crafting.RecipeManager.fromJson(RecipeManager.java:171) ~[server-1.20.1-20230612.114412-srg.jar%23351!/:?]
	at net.minecraft.world.item.crafting.RecipeManager.m_5787_(RecipeManager.java:67) ~[server-1.20.1-20230612.114412-srg.jar%23351!/:?]
	at net.minecraft.world.item.crafting.RecipeManager.m_5787_(RecipeManager.java:34) ~[server-1.20.1-20230612.114412-srg.jar%23351!/:?]
	at net.minecraft.server.packs.resources.SimplePreparableReloadListener.m_10789_(SimplePreparableReloadListener.java:13) ~[server-1.20.1-20230612.114412-srg.jar%23351!/:?]
	at java.util.concurrent.CompletableFuture$UniAccept.tryFire(CompletableFuture.java:718) ~[?:?]
	at java.util.concurrent.CompletableFuture$Completion.run(CompletableFuture.java:482) ~[?:?]
	at net.minecraft.server.packs.resources.SimpleReloadInstance.m_143940_(SimpleReloadInstance.java:69) ~[server-1.20.1-20230612.114412-srg.jar%23351!/:?]
	at net.minecraft.Util.m_214652_(Util.java:783) ~[server-1.20.1-20230612.114412-srg.jar%23351!/:?]
	at net.minecraft.Util.m_214679_(Util.java:772) ~[server-1.20.1-20230612.114412-srg.jar%23351!/:?]
	at net.minecraft.server.Main.main(Main.java:166) ~[server-1.20.1-20230612.114412-srg.jar%23351!/:?]
	at jdk.internal.reflect.NativeMethodAccessorImpl.invoke0(Native Method) ~[?:?]
	at jdk.internal.reflect.NativeMethodAccessorImpl.invoke(NativeMethodAccessorImpl.java:77) ~[?:?]
	at jdk.internal.reflect.DelegatingMethodAccessorImpl.invoke(DelegatingMethodAccessorImpl.java:43) ~[?:?]
	at java.lang.reflect.Method.invoke(Method.java:569) ~[?:?]
	at net.minecraftforge.fml.loading.targets.CommonLaunchHandler.runTarget(CommonLaunchHandler.java:111) ~[fmlloader-1.20.1-47.4.0.jar%2369!/:?]
	at net.minecraftforge.fml.loading.targets.CommonLaunchHandler.serverService(CommonLaunchHandler.java:103) ~[fmlloader-1.20.1-47.4.0.jar%2369!/:?]
	at net.minecraftforge.fml.loading.targets.CommonServerLaunchHandler.lambda$makeService$0(CommonServerLaunchHandler.java:27) ~[fmlloader-1.20.1-47.4.0.jar%2369!/:?]
	at cpw.mods.modlauncher.LaunchServiceHandlerDecorator.launch(LaunchServiceHandlerDecorator.java:30) ~[modlauncher-10.0.9.jar%2355!/:?]
	at cpw.mods.modlauncher.LaunchServiceHandler.launch(LaunchServiceHandler.java:53) ~[modlauncher-10.0.9.jar%2355!/:?]
	at cpw.mods.modlauncher.LaunchServiceHandler.launch(LaunchServiceHandler.java:71) ~[modlauncher-10.0.9.jar%2355!/:?]
	at cpw.mods.modlauncher.Launcher.run(Launcher.java:108) ~[modlauncher-10.0.9.jar%2355!/:?]
	at cpw.mods.modlauncher.Launcher.main(Launcher.java:78) ~[modlauncher-10.0.9.jar%2355!/:?]
	at cpw.mods.modlauncher.BootstrapLaunchConsumer.accept(BootstrapLaunchConsumer.java:26) ~[modlauncher-10.0.9.jar%2355!/:?]
	at cpw.mods.modlauncher.BootstrapLaunchConsumer.accept(BootstrapLaunchConsumer.java:23) ~[modlauncher-10.0.9.jar%2355!/:?]
	at cpw.mods.bootstraplauncher.BootstrapLauncher.main(BootstrapLauncher.java:141) ~[bootstraplauncher-1.1.2.jar:?]
[18Mar2026 17:50:04.983] [main/INFO] [net.minecraft.world.item.crafting.RecipeManager/]: Skipping loading recipe twilightforest:jeed/blindness as it's serializer returned null
[18Mar2026 17:50:04.987] [main/INFO] [net.minecraft.world.item.crafting.RecipeManager/]: Skipping loading recipe samurai_dynasty:draco_samurai_chestplate as it's serializer returned null
[18Mar2026 17:50:04.994] [main/INFO] [Spartan Weaponry/]: Empty result tag:"forge:nuggets/aluminum" Skipping...
[18Mar2026 17:50:04.994] [main/INFO] [net.minecraft.world.item.crafting.RecipeManager/]: Skipping loading recipe spartanweaponry:aluminum_nugget_from_smelting_aluminum_weapons as it's serializer returned null
[18Mar2026 17:50:04.999] [main/INFO] [Spartan Weaponry/]: Empty result tag:"forge:nuggets/electrum" Skipping...
[18Mar2026 17:50:04.999] [main/INFO] [net.minecraft.world.item.crafting.RecipeManager/]: Skipping loading recipe spartanweaponry:electrum_nugget_from_blasting_electrum_weapons as it's serializer returned null
[18Mar2026 17:50:04.999] [main/INFO] [net.minecraft.world.item.crafting.RecipeManager/]: Skipping loading recipe samurai_dynasty:neptunium_samurai_boots as it's serializer returned null
[18Mar2026 17:50:05.000] [main/INFO] [Spartan Weaponry/]: Empty result tag:"forge:nuggets/platinum" Skipping...
[18Mar2026 17:50:05.000] [main/INFO] [net.minecraft.world.item.crafting.RecipeManager/]: Skipping loading recipe spartanweaponry:platinum_nugget_from_smelting_platinum_weapons as it's serializer returned null
[18Mar2026 17:50:05.002] [main/INFO] [net.minecraft.world.item.crafting.RecipeManager/]: Skipping loading recipe samurai_dynasty:draco_samurai_boots as it's serializer returned null
[18Mar2026 17:50:05.003] [main/INFO] [net.minecraft.world.item.crafting.RecipeManager/]: Skipping loading recipe twilightforest:jeed/poison as it's serializer returned null
[18Mar2026 17:50:05.005] [main/INFO] [net.minecraft.world.item.crafting.RecipeManager/]: Skipping loading recipe samurai_dynasty:dye_ars_nouveau_boots as it's serializer returned null
[18Mar2026 17:50:05.007] [main/INFO] [Spartan Weaponry/]: Empty result tag:"forge:nuggets/aluminum" Skipping...
[18Mar2026 17:50:05.007] [main/INFO] [net.minecraft.world.item.crafting.RecipeManager/]: Skipping loading recipe spartanweaponry:aluminum_nugget_from_blasting_aluminum_weapons as it's serializer returned null
[18Mar2026 17:50:05.012] [main/ERROR] [net.minecraft.world.item.crafting.RecipeManager/]: Parsing error loading recipe samurai_dynasty:mask_amethyst_samurai_helmet
com.google.gson.JsonSyntaxException: Unknown item 'samurai_dynasty:mask_amethyst_samurai_helmet'
	at net.minecraftforge.common.crafting.CraftingHelper.getItem(CraftingHelper.java:160) ~[forge-1.20.1-47.4.0-universal.jar%23356!/:?]
	at net.minecraftforge.common.crafting.CraftingHelper.getItemStack(CraftingHelper.java:186) ~[forge-1.20.1-47.4.0-universal.jar%23356!/:?]
	at net.minecraft.world.item.crafting.ShapedRecipe.m_151274_(ShapedRecipe.java:286) ~[server-1.20.1-20230612.114412-srg.jar%23351!/:?]
	at net.minecraft.world.item.crafting.ShapelessRecipe$Serializer.m_6729_(ShapelessRecipe.java:95) ~[server-1.20.1-20230612.114412-srg.jar%23351!/:?]
	at net.minecraft.world.item.crafting.ShapelessRecipe$Serializer.m_6729_(ShapelessRecipe.java:84) ~[server-1.20.1-20230612.114412-srg.jar%23351!/:?]
	at net.minecraftforge.common.extensions.IForgeRecipeSerializer.fromJson(IForgeRecipeSerializer.java:23) ~[forge-1.20.1-47.4.0-universal.jar%23356!/:?]
	at net.minecraft.world.item.crafting.RecipeManager.fromJson(RecipeManager.java:171) ~[server-1.20.1-20230612.114412-srg.jar%23351!/:?]
	at net.minecraft.world.item.crafting.RecipeManager.m_5787_(RecipeManager.java:67) ~[server-1.20.1-20230612.114412-srg.jar%23351!/:?]
	at net.minecraft.world.item.crafting.RecipeManager.m_5787_(RecipeManager.java:34) ~[server-1.20.1-20230612.114412-srg.jar%23351!/:?]
	at net.minecraft.server.packs.resources.SimplePreparableReloadListener.m_10789_(SimplePreparableReloadListener.java:13) ~[server-1.20.1-20230612.114412-srg.jar%23351!/:?]
	at java.util.concurrent.CompletableFuture$UniAccept.tryFire(CompletableFuture.java:718) ~[?:?]
	at java.util.concurrent.CompletableFuture$Completion.run(CompletableFuture.java:482) ~[?:?]
	at net.minecraft.server.packs.resources.SimpleReloadInstance.m_143940_(SimpleReloadInstance.java:69) ~[server-1.20.1-20230612.114412-srg.jar%23351!/:?]
	at net.minecraft.Util.m_214652_(Util.java:783) ~[server-1.20.1-20230612.114412-srg.jar%23351!/:?]
	at net.minecraft.Util.m_214679_(Util.java:772) ~[server-1.20.1-20230612.114412-srg.jar%23351!/:?]
	at net.minecraft.server.Main.main(Main.java:166) ~[server-1.20.1-20230612.114412-srg.jar%23351!/:?]
	at jdk.internal.reflect.NativeMethodAccessorImpl.invoke0(Native Method) ~[?:?]
	at jdk.internal.reflect.NativeMethodAccessorImpl.invoke(NativeMethodAccessorImpl.java:77) ~[?:?]
	at jdk.internal.reflect.DelegatingMethodAccessorImpl.invoke(DelegatingMethodAccessorImpl.java:43) ~[?:?]
	at java.lang.reflect.Method.invoke(Method.java:569) ~[?:?]
	at net.minecraftforge.fml.loading.targets.CommonLaunchHandler.runTarget(CommonLaunchHandler.java:111) ~[fmlloader-1.20.1-47.4.0.jar%2369!/:?]
	at net.minecraftforge.fml.loading.targets.CommonLaunchHandler.serverService(CommonLaunchHandler.java:103) ~[fmlloader-1.20.1-47.4.0.jar%2369!/:?]
	at net.minecraftforge.fml.loading.targets.CommonServerLaunchHandler.lambda$makeService$0(CommonServerLaunchHandler.java:27) ~[fmlloader-1.20.1-47.4.0.jar%2369!/:?]
	at cpw.mods.modlauncher.LaunchServiceHandlerDecorator.launch(LaunchServiceHandlerDecorator.java:30) ~[modlauncher-10.0.9.jar%2355!/:?]
	at cpw.mods.modlauncher.LaunchServiceHandler.launch(LaunchServiceHandler.java:53) ~[modlauncher-10.0.9.jar%2355!/:?]
	at cpw.mods.modlauncher.LaunchServiceHandler.launch(LaunchServiceHandler.java:71) ~[modlauncher-10.0.9.jar%2355!/:?]
	at cpw.mods.modlauncher.Launcher.run(Launcher.java:108) ~[modlauncher-10.0.9.jar%2355!/:?]
	at cpw.mods.modlauncher.Launcher.main(Launcher.java:78) ~[modlauncher-10.0.9.jar%2355!/:?]
	at cpw.mods.modlauncher.BootstrapLaunchConsumer.accept(BootstrapLaunchConsumer.java:26) ~[modlauncher-10.0.9.jar%2355!/:?]
	at cpw.mods.modlauncher.BootstrapLaunchConsumer.accept(BootstrapLaunchConsumer.java:23) ~[modlauncher-10.0.9.jar%2355!/:?]
	at cpw.mods.bootstraplauncher.BootstrapLauncher.main(BootstrapLauncher.java:141) ~[bootstraplauncher-1.1.2.jar:?]
[18Mar2026 17:50:05.014] [main/INFO] [Spartan Weaponry/]: Empty result tag:"forge:nuggets/bronze" Skipping...
[18Mar2026 17:50:05.014] [main/INFO] [net.minecraft.world.item.crafting.RecipeManager/]: Skipping loading recipe spartanweaponry:bronze_nugget_from_blasting_bronze_weapons as it's serializer returned null
[18Mar2026 17:50:05.017] [main/INFO] [net.minecraft.world.item.crafting.RecipeManager/]: Skipping loading recipe samurai_dynasty:dye_ars_nouveau_chestplate as it's serializer returned null
[18Mar2026 17:50:05.017] [main/INFO] [net.minecraft.world.item.crafting.RecipeManager/]: Skipping loading recipe samurai_dynasty:tyr_samurai_helmet as it's serializer returned null
[18Mar2026 17:50:05.022] [main/INFO] [net.minecraft.world.item.crafting.RecipeManager/]: Skipping loading recipe samurai_dynasty:etyrite_samruai_helmet_smithing as it's serializer returned null
[18Mar2026 17:50:05.024] [main/INFO] [Spartan Weaponry/]: Empty result tag:"forge:nuggets/nickel" Skipping...
[18Mar2026 17:50:05.024] [main/INFO] [net.minecraft.world.item.crafting.RecipeManager/]: Skipping loading recipe spartanweaponry:nickel_nugget_from_smelting_nickel_weapons as it's serializer returned null
[18Mar2026 17:50:05.025] [main/INFO] [Spartan Weaponry/]: Empty result tag:"forge:nuggets/electrum" Skipping...
[18Mar2026 17:50:05.025] [main/INFO] [net.minecraft.world.item.crafting.RecipeManager/]: Skipping loading recipe spartanweaponry:electrum_nugget_from_smelting_electrum_weapons as it's serializer returned null
[18Mar2026 17:50:05.027] [main/INFO] [net.minecraft.world.item.crafting.RecipeManager/]: Skipping loading recipe samurai_dynasty:dye_ars_nouveau_helmet as it's serializer returned null
[18Mar2026 17:50:05.029] [main/INFO] [Spartan Weaponry/]: Empty result tag:"forge:nuggets/lead" Skipping...
[18Mar2026 17:50:05.029] [main/INFO] [net.minecraft.world.item.crafting.RecipeManager/]: Skipping loading recipe spartanweaponry:lead_nugget_from_smelting_lead_weapons as it's serializer returned null
[18Mar2026 17:50:05.030] [main/INFO] [net.minecraft.world.item.crafting.RecipeManager/]: Skipping loading recipe samurai_dynasty:source_gem_samruai_helmet_ritual as it's serializer returned null
[18Mar2026 17:50:05.032] [main/INFO] [net.minecraft.world.item.crafting.RecipeManager/]: Skipping loading recipe samurai_dynasty:sculk_samruai_boots_smithing as it's serializer returned null
[18Mar2026 17:50:05.037] [main/INFO] [net.minecraft.world.item.crafting.RecipeManager/]: Skipping loading recipe samurai_dynasty:dye_ars_nouveau_leggings as it's serializer returned null
[18Mar2026 17:50:05.039] [main/ERROR] [net.minecraft.world.item.crafting.RecipeManager/]: Parsing error loading recipe nue:fgarmr
com.google.gson.JsonSyntaxException: Unknown item 'nue:deleted_mod_element'
	at net.minecraft.world.item.crafting.ShapedRecipe.m_151280_(ShapedRecipe.java:292) ~[server-1.20.1-20230612.114412-srg.jar%23351!/:?]
	at java.util.Optional.orElseThrow(Optional.java:403) ~[?:?]
	at net.minecraft.world.item.crafting.ShapedRecipe.m_151278_(ShapedRecipe.java:291) ~[server-1.20.1-20230612.114412-srg.jar%23351!/:?]
	at net.minecraft.world.item.crafting.Ingredient.m_43919_(Ingredient.java:219) ~[server-1.20.1-20230612.114412-srg.jar%23351!/:?]
	at net.minecraftforge.common.crafting.VanillaIngredientSerializer.parse(VanillaIngredientSerializer.java:27) ~[forge-1.20.1-47.4.0-universal.jar%23356!/:?]
	at net.minecraftforge.common.crafting.CraftingHelper.getIngredient(CraftingHelper.java:148) ~[forge-1.20.1-47.4.0-universal.jar%23356!/:?]
	at net.minecraft.world.item.crafting.Ingredient.m_288218_(Ingredient.java:194) ~[server-1.20.1-20230612.114412-srg.jar%23351!/:?]
	at net.minecraft.world.item.crafting.ShapedRecipe.m_44210_(ShapedRecipe.java:278) ~[server-1.20.1-20230612.114412-srg.jar%23351!/:?]
	at net.minecraft.world.item.crafting.ShapedRecipe$Serializer.m_6729_(ShapedRecipe.java:306) ~[server-1.20.1-20230612.114412-srg.jar%23351!/:?]
	at net.minecraft.world.item.crafting.ShapedRecipe$Serializer.m_6729_(ShapedRecipe.java:301) ~[server-1.20.1-20230612.114412-srg.jar%23351!/:?]
	at net.minecraftforge.common.extensions.IForgeRecipeSerializer.fromJson(IForgeRecipeSerializer.java:23) ~[forge-1.20.1-47.4.0-universal.jar%23356!/:?]
	at net.minecraft.world.item.crafting.RecipeManager.fromJson(RecipeManager.java:171) ~[server-1.20.1-20230612.114412-srg.jar%23351!/:?]
	at net.minecraft.world.item.crafting.RecipeManager.m_5787_(RecipeManager.java:67) ~[server-1.20.1-20230612.114412-srg.jar%23351!/:?]
	at net.minecraft.world.item.crafting.RecipeManager.m_5787_(RecipeManager.java:34) ~[server-1.20.1-20230612.114412-srg.jar%23351!/:?]
	at net.minecraft.server.packs.resources.SimplePreparableReloadListener.m_10789_(SimplePreparableReloadListener.java:13) ~[server-1.20.1-20230612.114412-srg.jar%23351!/:?]
	at java.util.concurrent.CompletableFuture$UniAccept.tryFire(CompletableFuture.java:718) ~[?:?]
	at java.util.concurrent.CompletableFuture$Completion.run(CompletableFuture.java:482) ~[?:?]
	at net.minecraft.server.packs.resources.SimpleReloadInstance.m_143940_(SimpleReloadInstance.java:69) ~[server-1.20.1-20230612.114412-srg.jar%23351!/:?]
	at net.minecraft.Util.m_214652_(Util.java:783) ~[server-1.20.1-20230612.114412-srg.jar%23351!/:?]
	at net.minecraft.Util.m_214679_(Util.java:772) ~[server-1.20.1-20230612.114412-srg.jar%23351!/:?]
	at net.minecraft.server.Main.main(Main.java:166) ~[server-1.20.1-20230612.114412-srg.jar%23351!/:?]
	at jdk.internal.reflect.NativeMethodAccessorImpl.invoke0(Native Method) ~[?:?]
	at jdk.internal.reflect.NativeMethodAccessorImpl.invoke(NativeMethodAccessorImpl.java:77) ~[?:?]
	at jdk.internal.reflect.DelegatingMethodAccessorImpl.invoke(DelegatingMethodAccessorImpl.java:43) ~[?:?]
	at java.lang.reflect.Method.invoke(Method.java:569) ~[?:?]
	at net.minecraftforge.fml.loading.targets.CommonLaunchHandler.runTarget(CommonLaunchHandler.java:111) ~[fmlloader-1.20.1-47.4.0.jar%2369!/:?]
	at net.minecraftforge.fml.loading.targets.CommonLaunchHandler.serverService(CommonLaunchHandler.java:103) ~[fmlloader-1.20.1-47.4.0.jar%2369!/:?]
	at net.minecraftforge.fml.loading.targets.CommonServerLaunchHandler.lambda$makeService$0(CommonServerLaunchHandler.java:27) ~[fmlloader-1.20.1-47.4.0.jar%2369!/:?]
	at cpw.mods.modlauncher.LaunchServiceHandlerDecorator.launch(LaunchServiceHandlerDecorator.java:30) ~[modlauncher-10.0.9.jar%2355!/:?]
	at cpw.mods.modlauncher.LaunchServiceHandler.launch(LaunchServiceHandler.java:53) ~[modlauncher-10.0.9.jar%2355!/:?]
	at cpw.mods.modlauncher.LaunchServiceHandler.launch(LaunchServiceHandler.java:71) ~[modlauncher-10.0.9.jar%2355!/:?]
	at cpw.mods.modlauncher.Launcher.run(Launcher.java:108) ~[modlauncher-10.0.9.jar%2355!/:?]
	at cpw.mods.modlauncher.Launcher.main(Launcher.java:78) ~[modlauncher-10.0.9.jar%2355!/:?]
	at cpw.mods.modlauncher.BootstrapLaunchConsumer.accept(BootstrapLaunchConsumer.java:26) ~[modlauncher-10.0.9.jar%2355!/:?]
	at cpw.mods.modlauncher.BootstrapLaunchConsumer.accept(BootstrapLaunchConsumer.java:23) ~[modlauncher-10.0.9.jar%2355!/:?]
	at cpw.mods.bootstraplauncher.BootstrapLauncher.main(BootstrapLauncher.java:141) ~[bootstraplauncher-1.1.2.jar:?]
[18Mar2026 17:50:05.040] [main/INFO] [net.minecraft.world.item.crafting.RecipeManager/]: Skipping loading recipe samurai_dynasty:neptunium_samurai_leggings as it's serializer returned null
[18Mar2026 17:50:05.042] [main/INFO] [net.minecraft.world.item.crafting.RecipeManager/]: Skipping loading recipe samurai_dynasty:draco_samurai_leggings as it's serializer returned null
[18Mar2026 17:50:05.042] [main/INFO] [Spartan Weaponry/]: Empty result tag:"forge:nuggets/platinum" Skipping...
[18Mar2026 17:50:05.043] [main/INFO] [net.minecraft.world.item.crafting.RecipeManager/]: Skipping loading recipe spartanweaponry:platinum_nugget_from_blasting_platinum_weapons as it's serializer returned null
[18Mar2026 17:50:05.043] [main/INFO] [net.minecraft.world.item.crafting.RecipeManager/]: Skipping loading recipe samurai_dynasty:tyr_samurai_leggings as it's serializer returned null
[18Mar2026 17:50:05.044] [main/INFO] [net.minecraft.world.item.crafting.RecipeManager/]: Skipping loading recipe twilightforest:jeed/resistance as it's serializer returned null
[18Mar2026 17:50:05.050] [main/ERROR] [net.minecraft.world.item.crafting.RecipeManager/]: Parsing error loading recipe samurai_dynasty:mask_netherite_samurai_helmet
com.google.gson.JsonSyntaxException: Unknown item 'samurai_dynasty:mask_netherite_samurai_helmet'
	at net.minecraftforge.common.crafting.CraftingHelper.getItem(CraftingHelper.java:160) ~[forge-1.20.1-47.4.0-universal.jar%23356!/:?]
	at net.minecraftforge.common.crafting.CraftingHelper.getItemStack(CraftingHelper.java:186) ~[forge-1.20.1-47.4.0-universal.jar%23356!/:?]
	at net.minecraft.world.item.crafting.ShapedRecipe.m_151274_(ShapedRecipe.java:286) ~[server-1.20.1-20230612.114412-srg.jar%23351!/:?]
	at net.minecraft.world.item.crafting.ShapelessRecipe$Serializer.m_6729_(ShapelessRecipe.java:95) ~[server-1.20.1-20230612.114412-srg.jar%23351!/:?]
	at net.minecraft.world.item.crafting.ShapelessRecipe$Serializer.m_6729_(ShapelessRecipe.java:84) ~[server-1.20.1-20230612.114412-srg.jar%23351!/:?]
	at net.minecraftforge.common.extensions.IForgeRecipeSerializer.fromJson(IForgeRecipeSerializer.java:23) ~[forge-1.20.1-47.4.0-universal.jar%23356!/:?]
	at net.minecraft.world.item.crafting.RecipeManager.fromJson(RecipeManager.java:171) ~[server-1.20.1-20230612.114412-srg.jar%23351!/:?]
	at net.minecraft.world.item.crafting.RecipeManager.m_5787_(RecipeManager.java:67) ~[server-1.20.1-20230612.114412-srg.jar%23351!/:?]
	at net.minecraft.world.item.crafting.RecipeManager.m_5787_(RecipeManager.java:34) ~[server-1.20.1-20230612.114412-srg.jar%23351!/:?]
	at net.minecraft.server.packs.resources.SimplePreparableReloadListener.m_10789_(SimplePreparableReloadListener.java:13) ~[server-1.20.1-20230612.114412-srg.jar%23351!/:?]
	at java.util.concurrent.CompletableFuture$UniAccept.tryFire(CompletableFuture.java:718) ~[?:?]
	at java.util.concurrent.CompletableFuture$Completion.run(CompletableFuture.java:482) ~[?:?]
	at net.minecraft.server.packs.resources.SimpleReloadInstance.m_143940_(SimpleReloadInstance.java:69) ~[server-1.20.1-20230612.114412-srg.jar%23351!/:?]
	at net.minecraft.Util.m_214652_(Util.java:783) ~[server-1.20.1-20230612.114412-srg.jar%23351!/:?]
	at net.minecraft.Util.m_214679_(Util.java:772) ~[server-1.20.1-20230612.114412-srg.jar%23351!/:?]
	at net.minecraft.server.Main.main(Main.java:166) ~[server-1.20.1-20230612.114412-srg.jar%23351!/:?]
	at jdk.internal.reflect.NativeMethodAccessorImpl.invoke0(Native Method) ~[?:?]
	at jdk.internal.reflect.NativeMethodAccessorImpl.invoke(NativeMethodAccessorImpl.java:77) ~[?:?]
	at jdk.internal.reflect.DelegatingMethodAccessorImpl.invoke(DelegatingMethodAccessorImpl.java:43) ~[?:?]
	at java.lang.reflect.Method.invoke(Method.java:569) ~[?:?]
	at net.minecraftforge.fml.loading.targets.CommonLaunchHandler.runTarget(CommonLaunchHandler.java:111) ~[fmlloader-1.20.1-47.4.0.jar%2369!/:?]
	at net.minecraftforge.fml.loading.targets.CommonLaunchHandler.serverService(CommonLaunchHandler.java:103) ~[fmlloader-1.20.1-47.4.0.jar%2369!/:?]
	at net.minecraftforge.fml.loading.targets.CommonServerLaunchHandler.lambda$makeService$0(CommonServerLaunchHandler.java:27) ~[fmlloader-1.20.1-47.4.0.jar%2369!/:?]
	at cpw.mods.modlauncher.LaunchServiceHandlerDecorator.launch(LaunchServiceHandlerDecorator.java:30) ~[modlauncher-10.0.9.jar%2355!/:?]
	at cpw.mods.modlauncher.LaunchServiceHandler.launch(LaunchServiceHandler.java:53) ~[modlauncher-10.0.9.jar%2355!/:?]
	at cpw.mods.modlauncher.LaunchServiceHandler.launch(LaunchServiceHandler.java:71) ~[modlauncher-10.0.9.jar%2355!/:?]
	at cpw.mods.modlauncher.Launcher.run(Launcher.java:108) ~[modlauncher-10.0.9.jar%2355!/:?]
	at cpw.mods.modlauncher.Launcher.main(Launcher.java:78) ~[modlauncher-10.0.9.jar%2355!/:?]
	at cpw.mods.modlauncher.BootstrapLaunchConsumer.accept(BootstrapLaunchConsumer.java:26) ~[modlauncher-10.0.9.jar%2355!/:?]
	at cpw.mods.modlauncher.BootstrapLaunchConsumer.accept(BootstrapLaunchConsumer.java:23) ~[modlauncher-10.0.9.jar%2355!/:?]
	at cpw.mods.bootstraplauncher.BootstrapLauncher.main(BootstrapLauncher.java:141) ~[bootstraplauncher-1.1.2.jar:?]
[18Mar2026 17:50:05.053] [main/INFO] [Spartan Weaponry/]: Empty result tag:"forge:nuggets/bronze" Skipping...
[18Mar2026 17:50:05.053] [main/INFO] [net.minecraft.world.item.crafting.RecipeManager/]: Skipping loading recipe spartanweaponry:bronze_nugget_from_smelting_bronze_weapons as it's serializer returned null
[18Mar2026 17:50:05.057] [main/INFO] [net.minecraft.world.item.crafting.RecipeManager/]: Skipping loading recipe supplementaries:inspirations/flag_clear as it's serializer returned null
[18Mar2026 17:50:05.058] [main/ERROR] [net.minecraft.world.item.crafting.RecipeManager/]: Parsing error loading recipe samurai_dynasty:mask_quartz_samurai_helmet
com.google.gson.JsonSyntaxException: Unknown item 'samurai_dynasty:mask_quartz_samurai_helmet'
	at net.minecraftforge.common.crafting.CraftingHelper.getItem(CraftingHelper.java:160) ~[forge-1.20.1-47.4.0-universal.jar%23356!/:?]
	at net.minecraftforge.common.crafting.CraftingHelper.getItemStack(CraftingHelper.java:186) ~[forge-1.20.1-47.4.0-universal.jar%23356!/:?]
	at net.minecraft.world.item.crafting.ShapedRecipe.m_151274_(ShapedRecipe.java:286) ~[server-1.20.1-20230612.114412-srg.jar%23351!/:?]
	at net.minecraft.world.item.crafting.ShapelessRecipe$Serializer.m_6729_(ShapelessRecipe.java:95) ~[server-1.20.1-20230612.114412-srg.jar%23351!/:?]
	at net.minecraft.world.item.crafting.ShapelessRecipe$Serializer.m_6729_(ShapelessRecipe.java:84) ~[server-1.20.1-20230612.114412-srg.jar%23351!/:?]
	at net.minecraftforge.common.extensions.IForgeRecipeSerializer.fromJson(IForgeRecipeSerializer.java:23) ~[forge-1.20.1-47.4.0-universal.jar%23356!/:?]
	at net.minecraft.world.item.crafting.RecipeManager.fromJson(RecipeManager.java:171) ~[server-1.20.1-20230612.114412-srg.jar%23351!/:?]
	at net.minecraft.world.item.crafting.RecipeManager.m_5787_(RecipeManager.java:67) ~[server-1.20.1-20230612.114412-srg.jar%23351!/:?]
	at net.minecraft.world.item.crafting.RecipeManager.m_5787_(RecipeManager.java:34) ~[server-1.20.1-20230612.114412-srg.jar%23351!/:?]
	at net.minecraft.server.packs.resources.SimplePreparableReloadListener.m_10789_(SimplePreparableReloadListener.java:13) ~[server-1.20.1-20230612.114412-srg.jar%23351!/:?]
	at java.util.concurrent.CompletableFuture$UniAccept.tryFire(CompletableFuture.java:718) ~[?:?]
	at java.util.concurrent.CompletableFuture$Completion.run(CompletableFuture.java:482) ~[?:?]
	at net.minecraft.server.packs.resources.SimpleReloadInstance.m_143940_(SimpleReloadInstance.java:69) ~[server-1.20.1-20230612.114412-srg.jar%23351!/:?]
	at net.minecraft.Util.m_214652_(Util.java:783) ~[server-1.20.1-20230612.114412-srg.jar%23351!/:?]
	at net.minecraft.Util.m_214679_(Util.java:772) ~[server-1.20.1-20230612.114412-srg.jar%23351!/:?]
	at net.minecraft.server.Main.main(Main.java:166) ~[server-1.20.1-20230612.114412-srg.jar%23351!/:?]
	at jdk.internal.reflect.NativeMethodAccessorImpl.invoke0(Native Method) ~[?:?]
	at jdk.internal.reflect.NativeMethodAccessorImpl.invoke(NativeMethodAccessorImpl.java:77) ~[?:?]
	at jdk.internal.reflect.DelegatingMethodAccessorImpl.invoke(DelegatingMethodAccessorImpl.java:43) ~[?:?]
	at java.lang.reflect.Method.invoke(Method.java:569) ~[?:?]
	at net.minecraftforge.fml.loading.targets.CommonLaunchHandler.runTarget(CommonLaunchHandler.java:111) ~[fmlloader-1.20.1-47.4.0.jar%2369!/:?]
	at net.minecraftforge.fml.loading.targets.CommonLaunchHandler.serverService(CommonLaunchHandler.java:103) ~[fmlloader-1.20.1-47.4.0.jar%2369!/:?]
	at net.minecraftforge.fml.loading.targets.CommonServerLaunchHandler.lambda$makeService$0(CommonServerLaunchHandler.java:27) ~[fmlloader-1.20.1-47.4.0.jar%2369!/:?]
	at cpw.mods.modlauncher.LaunchServiceHandlerDecorator.launch(LaunchServiceHandlerDecorator.java:30) ~[modlauncher-10.0.9.jar%2355!/:?]
	at cpw.mods.modlauncher.LaunchServiceHandler.launch(LaunchServiceHandler.java:53) ~[modlauncher-10.0.9.jar%2355!/:?]
	at cpw.mods.modlauncher.LaunchServiceHandler.launch(LaunchServiceHandler.java:71) ~[modlauncher-10.0.9.jar%2355!/:?]
	at cpw.mods.modlauncher.Launcher.run(Launcher.java:108) ~[modlauncher-10.0.9.jar%2355!/:?]
	at cpw.mods.modlauncher.Launcher.main(Launcher.java:78) ~[modlauncher-10.0.9.jar%2355!/:?]
	at cpw.mods.modlauncher.BootstrapLaunchConsumer.accept(BootstrapLaunchConsumer.java:26) ~[modlauncher-10.0.9.jar%2355!/:?]
	at cpw.mods.modlauncher.BootstrapLaunchConsumer.accept(BootstrapLaunchConsumer.java:23) ~[modlauncher-10.0.9.jar%2355!/:?]
	at cpw.mods.bootstraplauncher.BootstrapLauncher.main(BootstrapLauncher.java:141) ~[bootstraplauncher-1.1.2.jar:?]
[18Mar2026 17:50:05.068] [main/INFO] [net.minecraft.world.item.crafting.RecipeManager/]: Skipping loading recipe samurai_dynasty:source_gem_samruai_boots_ritual as it's serializer returned null
[18Mar2026 17:50:05.069] [main/INFO] [net.minecraft.world.item.crafting.RecipeManager/]: Skipping loading recipe samurai_dynasty:etyrite_samruai_leggings_smithing as it's serializer returned null
[18Mar2026 17:50:05.071] [main/INFO] [Spartan Weaponry/]: Empty result tag:"forge:nuggets/nickel" Skipping...
[18Mar2026 17:50:05.071] [main/INFO] [net.minecraft.world.item.crafting.RecipeManager/]: Skipping loading recipe spartanweaponry:nickel_nugget_from_blasting_nickel_weapons as it's serializer returned null
[18Mar2026 17:50:05.081] [main/INFO] [Spartan Weaponry/]: Empty result tag:"forge:nuggets/tin" Skipping...
[18Mar2026 17:50:05.081] [main/INFO] [net.minecraft.world.item.crafting.RecipeManager/]: Skipping loading recipe spartanweaponry:tin_nugget_from_blasting_tin_weapons as it's serializer returned null
[18Mar2026 17:50:05.081] [main/INFO] [net.minecraft.world.item.crafting.RecipeManager/]: Skipping loading recipe samurai_dynasty:living_samruai_boots_helmet as it's serializer returned null
[18Mar2026 17:50:05.081] [main/INFO] [net.minecraft.world.item.crafting.RecipeManager/]: Skipping loading recipe twilightforest:jeed/regeneration as it's serializer returned null
[18Mar2026 17:50:05.083] [main/INFO] [net.minecraft.world.item.crafting.RecipeManager/]: Skipping loading recipe twilightforest:jeed/slowness as it's serializer returned null
[18Mar2026 17:50:05.084] [main/INFO] [net.minecraft.world.item.crafting.RecipeManager/]: Skipping loading recipe samurai_dynasty:living_samruai_boots_array as it's serializer returned null
[18Mar2026 17:50:05.087] [main/ERROR] [net.minecraft.world.item.crafting.RecipeManager/]: Parsing error loading recipe minervillager:enhance_preview
java.lang.IllegalArgumentException: No enum constant com.eruannie_9.minervillager.util.RecipeCategory.ENHANCE
	at java.lang.Enum.valueOf(Enum.java:273) ~[?:?]
	at com.eruannie_9.minervillager.util.RecipeCategory.valueOf(RecipeCategory.java:3) ~[minervillager-1.20.1-5.6.1.jar%23293!/:1.20.1-5.6.1]
	at com.eruannie_9.minervillager.recipe.EmeraldAnvilRecipeSerializer.fromJson(EmeraldAnvilRecipeSerializer.java:29) ~[minervillager-1.20.1-5.6.1.jar%23293!/:1.20.1-5.6.1]
	at com.eruannie_9.minervillager.recipe.EmeraldAnvilRecipeSerializer.m_6729_(EmeraldAnvilRecipeSerializer.java:21) ~[minervillager-1.20.1-5.6.1.jar%23293!/:1.20.1-5.6.1]
	at net.minecraftforge.common.extensions.IForgeRecipeSerializer.fromJson(IForgeRecipeSerializer.java:23) ~[forge-1.20.1-47.4.0-universal.jar%23356!/:?]
	at net.minecraft.world.item.crafting.RecipeManager.fromJson(RecipeManager.java:171) ~[server-1.20.1-20230612.114412-srg.jar%23351!/:?]
	at net.minecraft.world.item.crafting.RecipeManager.m_5787_(RecipeManager.java:67) ~[server-1.20.1-20230612.114412-srg.jar%23351!/:?]
	at net.minecraft.world.item.crafting.RecipeManager.m_5787_(RecipeManager.java:34) ~[server-1.20.1-20230612.114412-srg.jar%23351!/:?]
	at net.minecraft.server.packs.resources.SimplePreparableReloadListener.m_10789_(SimplePreparableReloadListener.java:13) ~[server-1.20.1-20230612.114412-srg.jar%23351!/:?]
	at java.util.concurrent.CompletableFuture$UniAccept.tryFire(CompletableFuture.java:718) ~[?:?]
	at java.util.concurrent.CompletableFuture$Completion.run(CompletableFuture.java:482) ~[?:?]
	at net.minecraft.server.packs.resources.SimpleReloadInstance.m_143940_(SimpleReloadInstance.java:69) ~[server-1.20.1-20230612.114412-srg.jar%23351!/:?]
	at net.minecraft.Util.m_214652_(Util.java:783) ~[server-1.20.1-20230612.114412-srg.jar%23351!/:?]
	at net.minecraft.Util.m_214679_(Util.java:772) ~[server-1.20.1-20230612.114412-srg.jar%23351!/:?]
	at net.minecraft.server.Main.main(Main.java:166) ~[server-1.20.1-20230612.114412-srg.jar%23351!/:?]
	at jdk.internal.reflect.NativeMethodAccessorImpl.invoke0(Native Method) ~[?:?]
	at jdk.internal.reflect.NativeMethodAccessorImpl.invoke(NativeMethodAccessorImpl.java:77) ~[?:?]
	at jdk.internal.reflect.DelegatingMethodAccessorImpl.invoke(DelegatingMethodAccessorImpl.java:43) ~[?:?]
	at java.lang.reflect.Method.invoke(Method.java:569) ~[?:?]
	at net.minecraftforge.fml.loading.targets.CommonLaunchHandler.runTarget(CommonLaunchHandler.java:111) ~[fmlloader-1.20.1-47.4.0.jar%2369!/:?]
	at net.minecraftforge.fml.loading.targets.CommonLaunchHandler.serverService(CommonLaunchHandler.java:103) ~[fmlloader-1.20.1-47.4.0.jar%2369!/:?]
	at net.minecraftforge.fml.loading.targets.CommonServerLaunchHandler.lambda$makeService$0(CommonServerLaunchHandler.java:27) ~[fmlloader-1.20.1-47.4.0.jar%2369!/:?]
	at cpw.mods.modlauncher.LaunchServiceHandlerDecorator.launch(LaunchServiceHandlerDecorator.java:30) ~[modlauncher-10.0.9.jar%2355!/:?]
	at cpw.mods.modlauncher.LaunchServiceHandler.launch(LaunchServiceHandler.java:53) ~[modlauncher-10.0.9.jar%2355!/:?]
	at cpw.mods.modlauncher.LaunchServiceHandler.launch(LaunchServiceHandler.java:71) ~[modlauncher-10.0.9.jar%2355!/:?]
	at cpw.mods.modlauncher.Launcher.run(Launcher.java:108) ~[modlauncher-10.0.9.jar%2355!/:?]
	at cpw.mods.modlauncher.Launcher.main(Launcher.java:78) ~[modlauncher-10.0.9.jar%2355!/:?]
	at cpw.mods.modlauncher.BootstrapLaunchConsumer.accept(BootstrapLaunchConsumer.java:26) ~[modlauncher-10.0.9.jar%2355!/:?]
	at cpw.mods.modlauncher.BootstrapLaunchConsumer.accept(BootstrapLaunchConsumer.java:23) ~[modlauncher-10.0.9.jar%2355!/:?]
	at cpw.mods.bootstraplauncher.BootstrapLauncher.main(BootstrapLauncher.java:141) ~[bootstraplauncher-1.1.2.jar:?]
[18Mar2026 17:50:05.089] [main/INFO] [net.minecraft.world.item.crafting.RecipeManager/]: Skipping loading recipe twilightforest:jeed/fire_resistance as it's serializer returned null
[18Mar2026 17:50:05.091] [main/INFO] [net.minecraft.world.item.crafting.RecipeManager/]: Skipping loading recipe samurai_dynasty:sculk_samruai_chestplate_smithing as it's serializer returned null
[18Mar2026 17:50:05.097] [main/INFO] [net.minecraft.world.item.crafting.RecipeManager/]: Loaded 33 recipes
[18Mar2026 17:50:05.097] [main/INFO] [com.teamabnormals.blueprint.core.Blueprint/]: Advancement Modification Manager has loaded 0 modifier groups
[18Mar2026 17:50:05.248] [main/ERROR] [net.minecraft.server.ServerAdvancementManager/]: Parsing error loading custom advancement supplementaries:recipes/planter_rich: Unknown item id 'farmersdelight:rich_soil'
[18Mar2026 17:50:05.311] [main/INFO] [quark/]: [Automatic Recipe Unlock] Removed 6457 recipe advancements
[18Mar2026 17:50:05.328] [main/ERROR] [net.minecraft.advancements.AdvancementList/]: Couldn't load advancement pillagersplus:we_are_in_the_mines: Task Advancement{parentId=pillagersplus:we_are_in_the_mines, display=net.minecraft.advancements.DisplayInfo@6e8c72bd, rewards=AdvancementRewards{experience=0, loot=[], recipes=[], function=net.minecraft.commands.CommandFunction$CacheableFunction@738e2b76}, criteria={we_are_in_the_mines_0=net.minecraft.advancements.Criterion@497861d0}, requirements=[[we_are_in_the_mines_0]], sends_telemetry_event=false}
[18Mar2026 17:50:05.328] [main/INFO] [net.minecraft.advancements.AdvancementList/]: Loaded 676 advancements
[18Mar2026 17:50:05.342] [main/INFO] [twilightforest/]: Loaded 9 Stalactite configs!
[18Mar2026 17:50:05.366] [main/INFO] [top.theillusivec4.curios.Curios/]: Loaded 12 curio slots
[18Mar2026 17:50:05.379] [main/INFO] [top.theillusivec4.curios.Curios/]: Loaded 11 curio entities
[18Mar2026 17:50:05.382] [main/ERROR] [com.craisinlord.integrated_api.IntegratedAPI/]: Integrated API Error: Couldn't parse spawner mob list idas:dread_citadel
java.lang.Exception: Error: iceandfire:dread_lich is not a valid entity ID!
	at com.craisinlord.integrated_api.misc.mobspawners.MobSpawnerObj.setEntityType(MobSpawnerObj.java:37) ~[integrated_api-1.5.3+1.20.1-forge.jar%23281!/:?]
	at com.craisinlord.integrated_api.misc.mobspawners.MobSpawnerManager.lambda$apply$0(MobSpawnerManager.java:41) ~[integrated_api-1.5.3+1.20.1-forge.jar%23281!/:?]
	at java.util.HashMap.forEach(HashMap.java:1421) ~[?:?]
	at com.craisinlord.integrated_api.misc.mobspawners.MobSpawnerManager.apply(MobSpawnerManager.java:36) ~[integrated_api-1.5.3+1.20.1-forge.jar%23281!/:?]
	at com.craisinlord.integrated_api.misc.mobspawners.MobSpawnerManager.m_5787_(MobSpawnerManager.java:23) ~[integrated_api-1.5.3+1.20.1-forge.jar%23281!/:?]
	at net.minecraft.server.packs.resources.SimplePreparableReloadListener.m_10789_(SimplePreparableReloadListener.java:13) ~[server-1.20.1-20230612.114412-srg.jar%23351!/:?]
	at java.util.concurrent.CompletableFuture$UniAccept.tryFire(CompletableFuture.java:718) ~[?:?]
	at java.util.concurrent.CompletableFuture$Completion.run(CompletableFuture.java:482) ~[?:?]
	at net.minecraft.server.packs.resources.SimpleReloadInstance.m_143940_(SimpleReloadInstance.java:69) ~[server-1.20.1-20230612.114412-srg.jar%23351!/:?]
	at net.minecraft.Util.m_214652_(Util.java:783) ~[server-1.20.1-20230612.114412-srg.jar%23351!/:?]
	at net.minecraft.Util.m_214679_(Util.java:772) ~[server-1.20.1-20230612.114412-srg.jar%23351!/:?]
	at net.minecraft.server.Main.main(Main.java:166) ~[server-1.20.1-20230612.114412-srg.jar%23351!/:?]
	at jdk.internal.reflect.NativeMethodAccessorImpl.invoke0(Native Method) ~[?:?]
	at jdk.internal.reflect.NativeMethodAccessorImpl.invoke(NativeMethodAccessorImpl.java:77) ~[?:?]
	at jdk.internal.reflect.DelegatingMethodAccessorImpl.invoke(DelegatingMethodAccessorImpl.java:43) ~[?:?]
	at java.lang.reflect.Method.invoke(Method.java:569) ~[?:?]
	at net.minecraftforge.fml.loading.targets.CommonLaunchHandler.runTarget(CommonLaunchHandler.java:111) ~[fmlloader-1.20.1-47.4.0.jar%2369!/:?]
	at net.minecraftforge.fml.loading.targets.CommonLaunchHandler.serverService(CommonLaunchHandler.java:103) ~[fmlloader-1.20.1-47.4.0.jar%2369!/:?]
	at net.minecraftforge.fml.loading.targets.CommonServerLaunchHandler.lambda$makeService$0(CommonServerLaunchHandler.java:27) ~[fmlloader-1.20.1-47.4.0.jar%2369!/:?]
	at cpw.mods.modlauncher.LaunchServiceHandlerDecorator.launch(LaunchServiceHandlerDecorator.java:30) ~[modlauncher-10.0.9.jar%2355!/:?]
	at cpw.mods.modlauncher.LaunchServiceHandler.launch(LaunchServiceHandler.java:53) ~[modlauncher-10.0.9.jar%2355!/:?]
	at cpw.mods.modlauncher.LaunchServiceHandler.launch(LaunchServiceHandler.java:71) ~[modlauncher-10.0.9.jar%2355!/:?]
	at cpw.mods.modlauncher.Launcher.run(Launcher.java:108) ~[modlauncher-10.0.9.jar%2355!/:?]
	at cpw.mods.modlauncher.Launcher.main(Launcher.java:78) ~[modlauncher-10.0.9.jar%2355!/:?]
	at cpw.mods.modlauncher.BootstrapLaunchConsumer.accept(BootstrapLaunchConsumer.java:26) ~[modlauncher-10.0.9.jar%2355!/:?]
	at cpw.mods.modlauncher.BootstrapLaunchConsumer.accept(BootstrapLaunchConsumer.java:23) ~[modlauncher-10.0.9.jar%2355!/:?]
	at cpw.mods.bootstraplauncher.BootstrapLauncher.main(BootstrapLauncher.java:141) ~[bootstraplauncher-1.1.2.jar:?]
[18Mar2026 17:50:05.383] [main/ERROR] [com.craisinlord.integrated_api.IntegratedAPI/]: Integrated API Error: Couldn't parse spawner mob list idas:archmages_tower
java.lang.Exception: Error: ars_nouveau:wilden_hunter is not a valid entity ID!
	at com.craisinlord.integrated_api.misc.mobspawners.MobSpawnerObj.setEntityType(MobSpawnerObj.java:37) ~[integrated_api-1.5.3+1.20.1-forge.jar%23281!/:?]
	at com.craisinlord.integrated_api.misc.mobspawners.MobSpawnerManager.lambda$apply$0(MobSpawnerManager.java:41) ~[integrated_api-1.5.3+1.20.1-forge.jar%23281!/:?]
	at java.util.HashMap.forEach(HashMap.java:1421) ~[?:?]
	at com.craisinlord.integrated_api.misc.mobspawners.MobSpawnerManager.apply(MobSpawnerManager.java:36) ~[integrated_api-1.5.3+1.20.1-forge.jar%23281!/:?]
	at com.craisinlord.integrated_api.misc.mobspawners.MobSpawnerManager.m_5787_(MobSpawnerManager.java:23) ~[integrated_api-1.5.3+1.20.1-forge.jar%23281!/:?]
	at net.minecraft.server.packs.resources.SimplePreparableReloadListener.m_10789_(SimplePreparableReloadListener.java:13) ~[server-1.20.1-20230612.114412-srg.jar%23351!/:?]
	at java.util.concurrent.CompletableFuture$UniAccept.tryFire(CompletableFuture.java:718) ~[?:?]
	at java.util.concurrent.CompletableFuture$Completion.run(CompletableFuture.java:482) ~[?:?]
	at net.minecraft.server.packs.resources.SimpleReloadInstance.m_143940_(SimpleReloadInstance.java:69) ~[server-1.20.1-20230612.114412-srg.jar%23351!/:?]
	at net.minecraft.Util.m_214652_(Util.java:783) ~[server-1.20.1-20230612.114412-srg.jar%23351!/:?]
	at net.minecraft.Util.m_214679_(Util.java:772) ~[server-1.20.1-20230612.114412-srg.jar%23351!/:?]
	at net.minecraft.server.Main.main(Main.java:166) ~[server-1.20.1-20230612.114412-srg.jar%23351!/:?]
	at jdk.internal.reflect.NativeMethodAccessorImpl.invoke0(Native Method) ~[?:?]
	at jdk.internal.reflect.NativeMethodAccessorImpl.invoke(NativeMethodAccessorImpl.java:77) ~[?:?]
	at jdk.internal.reflect.DelegatingMethodAccessorImpl.invoke(DelegatingMethodAccessorImpl.java:43) ~[?:?]
	at java.lang.reflect.Method.invoke(Method.java:569) ~[?:?]
	at net.minecraftforge.fml.loading.targets.CommonLaunchHandler.runTarget(CommonLaunchHandler.java:111) ~[fmlloader-1.20.1-47.4.0.jar%2369!/:?]
	at net.minecraftforge.fml.loading.targets.CommonLaunchHandler.serverService(CommonLaunchHandler.java:103) ~[fmlloader-1.20.1-47.4.0.jar%2369!/:?]
	at net.minecraftforge.fml.loading.targets.CommonServerLaunchHandler.lambda$makeService$0(CommonServerLaunchHandler.java:27) ~[fmlloader-1.20.1-47.4.0.jar%2369!/:?]
	at cpw.mods.modlauncher.LaunchServiceHandlerDecorator.launch(LaunchServiceHandlerDecorator.java:30) ~[modlauncher-10.0.9.jar%2355!/:?]
	at cpw.mods.modlauncher.LaunchServiceHandler.launch(LaunchServiceHandler.java:53) ~[modlauncher-10.0.9.jar%2355!/:?]
	at cpw.mods.modlauncher.LaunchServiceHandler.launch(LaunchServiceHandler.java:71) ~[modlauncher-10.0.9.jar%2355!/:?]
	at cpw.mods.modlauncher.Launcher.run(Launcher.java:108) ~[modlauncher-10.0.9.jar%2355!/:?]
	at cpw.mods.modlauncher.Launcher.main(Launcher.java:78) ~[modlauncher-10.0.9.jar%2355!/:?]
	at cpw.mods.modlauncher.BootstrapLaunchConsumer.accept(BootstrapLaunchConsumer.java:26) ~[modlauncher-10.0.9.jar%2355!/:?]
	at cpw.mods.modlauncher.BootstrapLaunchConsumer.accept(BootstrapLaunchConsumer.java:23) ~[modlauncher-10.0.9.jar%2355!/:?]
	at cpw.mods.bootstraplauncher.BootstrapLauncher.main(BootstrapLauncher.java:141) ~[bootstraplauncher-1.1.2.jar:?]
[18Mar2026 17:50:05.391] [main/INFO] [com.teamabnormals.blueprint.core.Blueprint/]: Chunk Generator Modification Manager has loaded 0 modifier groups
[18Mar2026 17:50:05.410] [main/INFO] [quark-zeta/]: Modified advancement minecraft:husbandry/wax_on with 2 patches
[18Mar2026 17:50:05.410] [main/INFO] [quark-zeta/]: Modified advancement minecraft:adventure/kill_a_mob with 3 patches
[18Mar2026 17:50:05.411] [main/INFO] [quark-zeta/]: Modified advancement minecraft:husbandry/bred_all_animals with 3 patches
[18Mar2026 17:50:05.411] [main/INFO] [quark-zeta/]: Modified advancement minecraft:adventure/kill_all_mobs with 3 patches
[18Mar2026 17:50:05.411] [main/INFO] [quark-zeta/]: Modified advancement minecraft:husbandry/balanced_diet with 3 patches
[18Mar2026 17:50:05.412] [main/INFO] [quark-zeta/]: Modified advancement minecraft:husbandry/plant_seed with 1 patches
[18Mar2026 17:50:05.412] [main/INFO] [quark-zeta/]: Modified advancement minecraft:nether/all_effects with 2 patches
[18Mar2026 17:50:05.412] [main/INFO] [quark-zeta/]: Modified advancement minecraft:husbandry/wax_off with 2 patches
[18Mar2026 17:50:05.413] [main/INFO] [quark-zeta/]: Modified advancement minecraft:adventure/adventuring_time with 1 patches
[18Mar2026 17:50:05.413] [main/INFO] [quark-zeta/]: Modified advancement minecraft:nether/all_potions with 1 patches
[18Mar2026 17:50:05.419] [main/INFO] [Supplementaries/]: Loaded 27 flute songs
[18Mar2026 17:50:05.498] [main/WARN] [net.minecraft.core.MappedRegistry/]: Not all defined tags for registry ResourceKey[minecraft:root / minecraft:worldgen/biome] are present in data pack: idas:has_structure/bopmahogany_biomes, idas:has_structure/bygmahogany_biomes, idas:has_structure/bygredwood_biomes
[18Mar2026 17:50:12.964] [main/INFO] [Spartan Weaponry/]: Finished initialising Weapon Traits & Attributes! Took 7.852489ms
[18Mar2026 17:50:12.975] [main/ERROR] [mixin/]: Injection error: LVT in net/minecraft/world/entity/npc/VillagerTrades$EmeraldsForVillagerTypeItem::m_213663_(Lnet/minecraft/world/entity/Entity;Lnet/minecraft/util/RandomSource;)Lnet/minecraft/world/item/trading/MerchantOffer; has incompatible changes at opcode 34 in callback fabric-object-builder-v1.mixins.json:TradeOffersTypeAwareBuyForOneEmeraldFactoryMixin->@Inject::failOnNullItem(Lnet/minecraft/world/entity/Entity;Lnet/minecraft/util/RandomSource;Lorg/spongepowered/asm/mixin/injection/callback/CallbackInfoReturnable;Lnet/minecraft/world/item/ItemStack;)V.
 Expected: [Lnet/minecraft/world/item/ItemStack;]
    Found: [Lnet/minecraft/world/item/Item;]
Available: [Lnet/minecraft/world/item/Item;, Lnet/minecraft/world/item/ItemStack;]
[18Mar2026 17:50:12.987] [main/INFO] [Moonlight/]: Applied 3 data villager trades
[18Mar2026 17:50:13.055] [main/INFO] [Supplementaries/]: Finished additional setup in 0 ms
[18Mar2026 17:50:13.773] [Server thread/INFO] [net.minecraft.server.dedicated.DedicatedServer/]: Starting minecraft server version 1.20.1
[18Mar2026 17:50:13.773] [Server thread/INFO] [net.minecraft.server.dedicated.DedicatedServer/]: Loading properties
[18Mar2026 17:50:13.773] [Server thread/INFO] [net.minecraft.server.dedicated.DedicatedServer/]: Default game type: SURVIVAL
[18Mar2026 17:50:13.774] [Server thread/INFO] [net.minecraft.server.MinecraftServer/]: Generating keypair
[18Mar2026 17:50:14.036] [Server thread/INFO] [net.minecraft.server.dedicated.DedicatedServer/]: Starting Minecraft server on *:25565
[18Mar2026 17:50:14.078] [Server thread/INFO] [net.minecraft.server.network.ServerConnectionListener/]: Using epoll channel type
[18Mar2026 17:50:14.238] [Server thread/INFO] [journeymap/]: Loading JourneyMap Forge Configs
[18Mar2026 17:50:14.239] [Thread-3/INFO] [journeymap/]: Loading JourneyMap Forge Configs
[18Mar2026 17:50:14.240] [Thread-3/INFO] [journeymap/]: Loading JourneyMap Forge Configs
[18Mar2026 17:50:14.806] [Server thread/INFO] [portb.configlib.ConfigLib/]: Reading stacksize ruleset
[18Mar2026 17:50:14.814] [Config file watcher thread/INFO] [portb.configlib.ConfigLib/]: Starting config file watcher
[18Mar2026 17:50:14.953] [Server thread/INFO] [spark/]: Starting background profiler...
[18Mar2026 17:50:15.480] [Server thread/INFO] [Framework/]: Loading server configs...
[18Mar2026 17:50:15.669] [Server thread/INFO] [zeta/]: Server starting, accepting filewatcher changes for zeta's config
[18Mar2026 17:50:15.669] [Server thread/INFO] [quark-zeta/]: Server starting, accepting filewatcher changes for quark's config
[18Mar2026 17:50:16.407] [Server thread/INFO] [terrablender/]: Initialized TerraBlender biomes for level stem minecraft:overworld
[18Mar2026 17:50:16.408] [Server thread/INFO] [terrablender/]: Initialized TerraBlender biomes for level stem minecraft:the_nether
[18Mar2026 17:50:16.408] [Server thread/INFO] [net.minecraft.server.dedicated.DedicatedServer/]: Preparing level "world"
[18Mar2026 17:50:24.156] [Netty Epoll Server IO #1/INFO] [net.minecraftforge.server.ServerLifecycleHooks/SERVERHOOKS]: Disconnecting Player (server is still starting): literal{Server is still starting! Please wait before reconnecting.}
[18Mar2026 17:50:25.755] [Server thread/INFO] [net.regions_unexplored.RegionsUnexploredMod/]: Loading dimension "minecraft:the_nether" with biome source: "blueprint:modded".
[18Mar2026 17:50:25.756] [Server thread/INFO] [net.minecraft.server.MinecraftServer/]: Preparing start region for dimension minecraft:overworld
[18Mar2026 17:50:28.367] [Worker-Main-2/INFO] [net.minecraft.server.level.progress.LoggerChunkProgressListener/]: Preparing spawn area: 0%
[18Mar2026 17:50:28.384] [Worker-Main-2/INFO] [net.minecraft.server.level.progress.LoggerChunkProgressListener/]: Preparing spawn area: 0%
[18Mar2026 17:50:28.396] [Worker-Main-2/INFO] [net.minecraft.server.level.progress.LoggerChunkProgressListener/]: Preparing spawn area: 0%
[18Mar2026 17:50:28.406] [Worker-Main-2/INFO] [net.minecraft.server.level.progress.LoggerChunkProgressListener/]: Preparing spawn area: 0%
[18Mar2026 17:50:28.414] [Worker-Main-3/INFO] [net.minecraft.server.level.progress.LoggerChunkProgressListener/]: Preparing spawn area: 0%
[18Mar2026 17:50:28.422] [Worker-Main-1/INFO] [net.minecraft.server.level.progress.LoggerChunkProgressListener/]: Preparing spawn area: 0%
[18Mar2026 17:50:28.783] [Worker-Main-2/INFO] [net.minecraft.server.level.progress.LoggerChunkProgressListener/]: Preparing spawn area: 0%
[18Mar2026 17:50:29.258] [Worker-Main-2/INFO] [net.minecraft.server.level.progress.LoggerChunkProgressListener/]: Preparing spawn area: 0%
[18Mar2026 17:50:29.757] [Worker-Main-1/INFO] [net.minecraft.server.level.progress.LoggerChunkProgressListener/]: Preparing spawn area: 0%
[18Mar2026 17:50:29.927] [Server thread/INFO] [com.cupboard.Cupboard/]: Loaded config for: limitedchunks.json
[18Mar2026 17:50:30.257] [Worker-Main-1/INFO] [net.minecraft.server.level.progress.LoggerChunkProgressListener/]: Preparing spawn area: 13%
[18Mar2026 17:50:30.757] [Worker-Main-1/INFO] [net.minecraft.server.level.progress.LoggerChunkProgressListener/]: Preparing spawn area: 42%
[18Mar2026 17:50:31.258] [Worker-Main-3/INFO] [net.minecraft.server.level.progress.LoggerChunkProgressListener/]: Preparing spawn area: 84%
[18Mar2026 17:50:31.446] [Server thread/INFO] [net.minecraft.server.level.progress.LoggerChunkProgressListener/]: Time elapsed: 5690 ms
[18Mar2026 17:50:31.446] [Server thread/INFO] [net.minecraft.server.dedicated.DedicatedServer/]: Done (17.227s)! For help, type "help"
[18Mar2026 17:50:31.527] [Server thread/INFO] [net.minecraftforge.server.permission.PermissionAPI/]: Successfully initialized permission handler forge:default_handler
[18Mar2026 17:50:31.573] [Server thread/INFO] [com.cupboard.Cupboard/]: Loaded config for: smoothchunk.json
[18Mar2026 17:50:31.640] [Server thread/WARN] [net.minecraft.network.syncher.SynchedEntityData/]: defineId called for: class net.minecraft.world.entity.player.Player from class tschipp.carryon.common.carry.CarryOnDataManager
[18Mar2026 17:50:39.907] [User Authenticator #1/INFO] [net.minecraft.server.network.ServerLoginPacketListenerImpl/]: UUID of player Webby80es is cb7eef6e-db76-493a-833a-9d516abc0597
[18Mar2026 17:50:42.324] [Server thread/INFO] [net.minecraft.server.players.PlayerList/]: Webby80es[/127.226.59.126:52555] logged in with entity id 36 at (-991.6839909839227, 125.0625, 658.9543311246993)
[18Mar2026 17:50:42.488] [Server thread/INFO] [net.minecraft.server.MinecraftServer/]: Webby80es joined the game
[18Mar2026 17:50:48.643] [Server thread/WARN] [net.minecraft.server.MinecraftServer/]: Can't keep up! Is the server overloaded? Running 6322ms or 126 ticks behind
[18Mar2026 17:51:09.260] [Server thread/WARN] [net.minecraft.server.MinecraftServer/]: Can't keep up! Is the server overloaded? Running 2039ms or 40 ticks behind
[18Mar2026 17:51:31.781] [Server thread/INFO] [net.minecraft.server.network.ServerGamePacketListenerImpl/]: Webby80es lost connection: Disconnected
[18Mar2026 17:51:31.782] [Server thread/INFO] [net.minecraft.server.MinecraftServer/]: Webby80es left the game
[18Mar2026 17:55:02.336] [User Authenticator #2/INFO] [net.minecraft.server.network.ServerLoginPacketListenerImpl/]: UUID of player Webby80es is cb7eef6e-db76-493a-833a-9d516abc0597
[18Mar2026 17:55:04.702] [Server thread/INFO] [net.minecraft.server.players.PlayerList/]: Webby80es[/127.226.59.126:44515] logged in with entity id 547 at (-588.3933960581502, 132.0, 41.109503588985994)
[18Mar2026 17:55:04.772] [Server thread/INFO] [net.minecraft.server.MinecraftServer/]: Webby80es joined the game
[18Mar2026 17:55:43.067] [Server thread/INFO] [net.minecraft.server.MinecraftServer/]: [Webby80es: Set own game mode to Spectator Mode]
[18Mar2026 17:56:20.772] [User Authenticator #3/INFO] [net.minecraft.server.network.ServerLoginPacketListenerImpl/]: UUID of player piiastrii is 1d7f4146-30f7-496b-bbd5-4e22d7d65663
[18Mar2026 17:56:28.909] [Server thread/INFO] [net.minecraft.server.players.PlayerList/]: piiastrii[/127.102.213.215:35503] logged in with entity id 1255 at (-657.1746176316414, 125.0, 36.1086629661709)
[18Mar2026 17:56:28.927] [Server thread/INFO] [net.minecraft.server.MinecraftServer/]: piiastrii joined the game
[18Mar2026 17:56:56.133] [Server thread/INFO] [net.minecraft.server.network.ServerGamePacketListenerImpl/]: Webby80es lost connection: Disconnected
[18Mar2026 17:56:56.133] [Server thread/INFO] [net.minecraft.server.MinecraftServer/]: Webby80es left the game
[18Mar2026 17:56:58.858] [User Authenticator #4/INFO] [net.minecraft.server.network.ServerLoginPacketListenerImpl/]: UUID of player Webby80es is cb7eef6e-db76-493a-833a-9d516abc0597
[18Mar2026 17:57:01.210] [Server thread/INFO] [net.minecraft.server.players.PlayerList/]: Webby80es[/127.226.59.126:45601] logged in with entity id 1438 at (-641.939655869812, 127.2985206553358, 63.90582137056776)
[18Mar2026 17:57:01.241] [Server thread/INFO] [net.minecraft.server.MinecraftServer/]: Webby80es joined the game
[18Mar2026 17:57:34.700] [Server thread/INFO] [net.minecraft.server.MinecraftServer/]: [Webby80es: Set own game mode to Survival Mode]
[18Mar2026 17:58:38.241] [Server thread/INFO] [net.minecraft.server.network.ServerGamePacketListenerImpl/]: Webby80es lost connection: Disconnected
[18Mar2026 17:58:38.241] [Server thread/INFO] [net.minecraft.server.MinecraftServer/]: Webby80es left the game
[18Mar2026 18:00:41.831] [Server thread/INFO] [net.minecraft.server.network.ServerLoginPacketListenerImpl/]: com.mojang.authlib.GameProfile@7dd3bc7[id=<null>,name=Webby80es,properties={},legacy=false] (/127.226.59.126:38835) lost connection: Timed out
[18Mar2026 18:02:00.704] [User Authenticator #5/INFO] [net.minecraft.server.network.ServerLoginPacketListenerImpl/]: UUID of player Webby80es is cb7eef6e-db76-493a-833a-9d516abc0597
[18Mar2026 18:02:03.259] [Server thread/INFO] [net.minecraft.server.players.PlayerList/]: Webby80es[/127.226.59.126:33175] logged in with entity id 2671 at (-626.7271681615274, 122.0, 69.64443320268002)
[18Mar2026 18:02:03.284] [Server thread/INFO] [net.minecraft.server.MinecraftServer/]: Webby80es joined the game
[18Mar2026 18:02:24.833] [Server thread/INFO] [net.minecraft.server.network.ServerGamePacketListenerImpl/]: Webby80es lost connection: Disconnected
[18Mar2026 18:02:24.833] [Server thread/INFO] [net.minecraft.server.MinecraftServer/]: Webby80es left the game
[18Mar2026 18:07:42.829] [Server thread/INFO] [net.minecraft.server.network.ServerGamePacketListenerImpl/]: piiastrii lost connection: Disconnected
[18Mar2026 18:07:42.829] [Server thread/INFO] [net.minecraft.server.MinecraftServer/]: piiastrii left the game
